study,refinement,elements,dofs,h1_dofs,patch,h1,config,composition,wS,wH,wC,seed,method,ncv,tolerance,steps,lambda_min,lambda_max,kappa,res_min,res_max,converged,seconds,max_method,dense_min,dense_max,dense_imag,max_upper_bound,max_upper_gap
middle_coarse2,0,32,320,75,large,unsplit,middle_HCSCH,HCSCH,1,1,1,17,full_bound,80,1e-08,220,0.933075037841,2.99999924206,3.21517468627,1.72595098289e-13,2.40357437546e-09,1,0.095490477,lanczos,0.933075037841,2.99999924206,2.28621609163e-12,3,7.57939286888e-07
middle_coarse2,0,32,320,75,large,unsplit,middle_CHSHC,CHSHC,1,1,1,17,full_bound,80,1e-08,220,0.936802021489,2.99999924198,3.20238339922,1.09259382187e-13,7.98758384675e-13,1,0.092717686,lanczos,0.936802021489,2.99999924198,1.22284604852e-12,3,7.58024190084e-07
middle_coarse2,0,32,320,75,large,unsplit,middle_HCSCH_matched,HCSCH,0.4,1,1,17,full_bound,80,1e-08,210,0.789717551298,1.19999969854,1.51953023782,8.68707630444e-14,1.98358074943e-09,1,0.081146364,lanczos,0.789717551298,1.19999969854,2.52810398563e-13,1.2,3.01463314978e-07
middle_coarse2,0,32,320,75,large,unsplit,middle_CHSHC_matched,CHSHC,0.4,1,1,17,full_bound,80,1e-08,210,0.790889468603,1.19999969841,1.51727864139,6.77660453106e-14,1.80857676947e-09,1,0.079457947,lanczos,0.790889468603,1.19999969841,7.33111317809e-13,1.2,3.01592576246e-07
middle_coarse2,0,32,320,75,large,unsplit,hybrid_unit,H(C+S)H,1,1,1,17,restarted,80,1e-08,158,0.934922221692,3.86663440837,4.13578190641,2.80648446798e-13,6.41046143946e-14,1,0.014567201,lanczos,0.934922221692,3.86663440837,0,0,0
middle_coarse2,0,32,320,75,large,unsplit,hybrid_matched,H(C+S)H,0.4,1,1,17,restarted,80,1e-08,158,0.787651866651,2.14655316519,2.72525624083,1.51859916824e-13,9.26943284113e-14,1,0.013611529,lanczos,0.787651866651,2.14655316519,7.8213774061e-14,0,0
middle_coarse2,0,32,320,75,large,unsplit,hybrid_c05,H(C+S)H,1,1,0.5,17,restarted,80,1e-08,159,0.6197245256,3.36712368408,5.43325872221,5.21670821657e-11,2.11057897658e-13,1,0.013424308,lanczos,0.6197245256,3.36712368408,0,0,0
middle_coarse2,0,32,320,75,large,unsplit,hybrid_s2,H(C+S)H,2,1,1,17,restarted,80,1e-08,999,0.999593891333,6.73376618271,6.73650193453,1.56768895476e-09,4.37940240515e-14,1,0.088316641,lanczos,0.999593891333,6.73376618271,0,0,0
middle_coarse2,0,32,320,75,large,unsplit,hybrid_h05,H(C+S)H,1,0.5,1,17,restarted,80,1e-08,158,0.924579780373,3.86739828712,4.18287136407,2.35778159166e-13,5.50473824486e-14,1,0.015298774,lanczos,0.924579780373,3.86739828712,0,0,0
middle_coarse2,0,32,320,75,large,unsplit,hybrid_s2h05,H(C+S)H,2,0.5,1,17,restarted,80,1e-08,159,0.997110629425,6.73525240311,6.75476943516,4.63273007606e-12,5.04092048465e-13,1,0.013839968,lanczos,0.997110629425,6.73525240311,0,0,0
middle_coarse2,0,32,320,75,large,unsplit,reference_SHCHS,SHCHS,0.4,1,1,17,restarted,80,1e-08,81,0.849075332492,1,1.17775179861,1.18030343356e-13,0,1,0.009598001,projector_identity,0.849075332492,1,9.29252360699e-14,0,0
middle_coarse2,0,32,320,75,small,unsplit,middle_HCSCH,HCSCH,1,1,1,17,full_bound,80,1e-08,60,0.480475983081,2.94828092553,6.13616711209,1.71284540194e-10,6.65106667581e-10,1,0.008527695,lanczos,0.480475983081,2.94828092553,7.69923602395e-13,3,0.0517190744678
middle_coarse2,0,32,320,75,small,unsplit,middle_CHSHC,CHSHC,1,1,1,17,full_bound,80,1e-08,60,0.480537365758,2.94831359965,6.13545128795,1.68684296907e-10,6.43398386908e-10,1,0.008829801,lanczos,0.480537365758,2.94831359965,9.91522798224e-13,3,0.0516864003507
middle_coarse2,0,32,320,75,small,unsplit,middle_HCSCH_matched,HCSCH,0.6,1,1,17,full_bound,80,1e-08,60,0.29349265564,1.76918241116,6.02802958494,4.42843404948e-11,5.98034006404e-10,1,0.008829711,lanczos,0.29349265564,1.76918241116,4.19401075136e-13,1.8,0.0308175888392
middle_coarse2,0,32,320,75,small,unsplit,middle_CHSHC_matched,CHSHC,0.6,1,1,17,full_bound,80,1e-08,60,0.293513007155,1.76921317678,6.02771643384,4.37839723138e-11,5.77834290379e-10,1,0.009046106,lanczos,0.293513007155,1.76921317678,5.81292620117e-13,1.8,0.0307868232231
middle_coarse2,0,32,320,75,small,unsplit,hybrid_unit,H(C+S)H,1,1,1,17,restarted,80,1e-08,81,0.479831823494,2.95754635486,6.16371447254,7.99932416106e-14,1.47720035151e-14,1,0.008035541,lanczos,0.479831823494,2.95754635486,2.13110772669e-14,0,0
middle_coarse2,0,32,320,75,small,unsplit,hybrid_matched,H(C+S)H,0.6,1,1,17,restarted,80,1e-08,81,0.293331940206,1.77762837853,6.06012552632,1.0758352312e-13,4.07953657205e-14,1,0.007607949,lanczos,0.293331940206,1.77762837853,0,0,0
middle_coarse2,0,32,320,75,small,unsplit,hybrid_c05,H(C+S)H,1,1,0.5,17,restarted,80,1e-08,158,0.4704804183,2.95568267162,6.28226501392,4.79167418568e-13,1.14979924527e-14,1,0.014335477,lanczos,0.4704804183,2.95568267162,0,0,0
middle_coarse2,0,32,320,75,small,unsplit,hybrid_s2,H(C+S)H,2,1,1,17,restarted,80,1e-08,158,0.824993519841,5.9109629145,7.16485981083,1.74827489797e-13,1.09959882238e-14,1,0.013103566,lanczos,0.824993519841,5.9109629145,0,0,0
middle_coarse2,0,32,320,75,small,unsplit,hybrid_h05,H(C+S)H,1,0.5,1,17,restarted,80,1e-08,81,0.4317729083,2.95926003288,6.85374180731,6.72862906994e-14,2.31626479744e-14,1,0.006843315,lanczos,0.4317729083,2.95926003288,0,0,0
middle_coarse2,0,32,320,75,small,unsplit,hybrid_s2h05,H(C+S)H,2,0.5,1,17,restarted,80,1e-08,81,0.669886641837,5.91401867234,8.82838722702,1.35712168971e-09,1.45167907516e-13,1,0.006996101,lanczos,0.669886641837,5.91401867234,0,0,0
middle_coarse2,0,32,320,75,small,unsplit,reference_SHCHS,SHCHS,0.6,1,1,17,restarted,80,1e-08,81,0.39716903718,1,2.51781963443,1.09865744053e-13,0,1,0.008537753,projector_identity,0.39716903718,1,2.44846109191e-13,0,0
middle_coarse2,0,32,320,171,large,split,middle_HCSCH,HCSCH,1,1,1,17,full_bound,80,1e-08,140,0.933088064868,2.9957722418,3.21059967927,1.42582714075e-13,4.48201519903e-13,1,0.037385348,lanczos,0.933088064868,2.9957722418,4.80838796777e-13,3,0.0042277582006
middle_coarse2,0,32,320,171,large,split,middle_CHSHC,CHSHC,1,1,1,17,full_bound,80,1e-08,130,0.936800970209,2.99577134231,3.19787386817,1.00882940971e-13,6.238622366e-09,1,0.033315134,lanczos,0.936800970209,2.99577134231,7.04860621272e-13,3,0.00422865768669
middle_coarse2,0,32,320,171,large,split,middle_HCSCH_matched,HCSCH,0.4,1,1,17,full_bound,80,1e-08,120,0.789721625026,1.19832607009,1.51740313563,6.42825879495e-14,7.60161748365e-09,1,0.027340218,lanczos,0.789721625026,1.19832607009,1.58807702022e-13,1.2,0.00167392990912
middle_coarse2,0,32,320,171,large,split,middle_CHSHC_matched,CHSHC,0.4,1,1,17,full_bound,80,1e-08,130,0.790891214257,1.19832511524,1.51515795554,5.19154419703e-14,1.49241758769e-11,1,0.03411271,lanczos,0.790891214257,1.19832511524,3.01872850797e-13,1.2,0.0016748847553
middle_coarse2,0,32,320,171,large,split,hybrid_unit,H(C+S)H,1,1,1,17,restarted,80,1e-08,158,0.934922927117,3.86655348668,4.13569223144,3.93900026933e-13,8.86836627182e-14,1,0.016203049,lanczos,0.934922927117,3.86655348668,0,0,0
middle_coarse2,0,32,320,171,large,split,hybrid_matched,H(C+S)H,0.4,1,1,17,restarted,80,1e-08,158,0.787662630639,2.14650280412,2.72515506084,1.62559450805e-13,2.3003800956e-13,1,0.018658195,lanczos,0.787662630639,2.14650280412,0,0,0
middle_coarse2,0,32,320,171,large,split,hybrid_c05,H(C+S)H,1,1,0.5,17,restarted,80,1e-08,159,0.619768500225,3.36706757171,5.4327826769,2.64236060496e-11,4.66877387824e-13,1,0.017106253,lanczos,0.619768500225,3.36706757171,0,0,0
middle_coarse2,0,32,320,171,large,split,hybrid_s2,H(C+S)H,2,1,1,17,restarted,80,1e-08,998,0.999593891439,6.73364909228,6.73638479581,4.86080849078e-09,6.8908313784e-14,1,0.102766013,lanczos,0.999593891439,6.73364909228,0,0,0
middle_coarse2,0,32,320,171,large,split,hybrid_h05,H(C+S)H,1,0.5,1,17,restarted,80,1e-08,158,0.924584888653,3.86734165702,4.18278700472,2.71707064225e-13,1.91635574308e-11,1,0.016135423,lanczos,0.924584888653,3.86734165702,0,0,0
middle_coarse2,0,32,320,171,large,split,hybrid_s2h05,H(C+S)H,2,0.5,1,17,restarted,80,1e-08,159,0.997110830532,6.73515898777,6.75467438678,3.94168770526e-12,1.70560070943e-12,1,0.016735549,lanczos,0.997110830532,6.73515898777,0,0,0
middle_coarse2,0,32,320,171,large,split,reference_SHCHS,SHCHS,0.4,1,1,17,restarted,80,1e-08,81,0.849099612594,1,1.17771812066,1.2708173202e-13,0,1,0.010928918,projector_identity,0.849099612594,1,9.99700660048e-14,0,0
middle_coarse2,0,32,320,171,small,split,middle_HCSCH,HCSCH,1,1,1,17,full_bound,80,1e-08,50,0.627369925322,2.09392534492,3.3376246779,1.3680296843e-11,1.42453734377e-09,1,0.007757209,lanczos,0.627369925322,2.09392534492,7.52559603955e-13,3,0.906074655076
middle_coarse2,0,32,320,171,small,split,middle_CHSHC,CHSHC,1,1,1,17,full_bound,80,1e-08,50,0.627464471413,2.09549255276,3.33961944975,1.24147745911e-11,1.12769983416e-09,1,0.007328264,lanczos,0.627464471413,2.09549255276,5.95536483523e-13,3,0.904507447243
middle_coarse2,0,32,320,171,small,split,middle_HCSCH_matched,HCSCH,0.6,1,1,17,full_bound,80,1e-08,50,0.438178543094,1.43018748279,3.26393773802,9.16050229005e-14,3.19309592283e-09,1,0.007717194,lanczos,0.438178543094,1.43018748279,3.54700097824e-13,1.8,0.369812517206
middle_coarse2,0,32,320,171,small,split,middle_CHSHC_matched,CHSHC,0.6,1,1,17,full_bound,80,1e-08,50,0.438212927969,1.43112769678,3.26582719368,7.97015207012e-14,1.90839682888e-09,1,0.007698208,lanczos,0.438212927969,1.43112769678,3.85291799906e-13,1.8,0.368872303216
middle_coarse2,0,32,320,171,small,split,hybrid_unit,H(C+S)H,1,1,1,17,restarted,80,1e-08,81,0.626534508283,2.10813264464,3.36475105005,6.51145125817e-14,4.22876177875e-14,1,0.007510066,lanczos,0.626534508283,2.10813264464,1.01323286484e-13,0,0
middle_coarse2,0,32,320,171,small,split,hybrid_matched,H(C+S)H,0.6,1,1,17,restarted,80,1e-08,81,0.437933500706,1.44171860908,3.29209481978,1.50604789508e-13,2.742518437e-14,1,0.007695643,lanczos,0.437933500706,1.44171860908,4.1620991272e-14,0,0
middle_coarse2,0,32,320,171,small,split,hybrid_c05,H(C+S)H,1,1,0.5,17,restarted,80,1e-08,310,0.501021780424,2.10346992662,4.1983602486,2.27355519612e-10,2.26662616521e-14,1,0.030368267,lanczos,0.501021780424,2.10346992662,2.08859553864e-16,0,0
middle_coarse2,0,32,320,171,small,split,hybrid_s2,H(C+S)H,2,1,1,17,restarted,80,1e-08,81,0.844627010415,3.88167707089,4.59572926632,1.06938319714e-09,2.20013817567e-10,1,0.007364823,lanczos,0.844627010415,3.88167707089,0,0,0
middle_coarse2,0,32,320,171,small,split,hybrid_h05,H(C+S)H,1,0.5,1,17,restarted,80,1e-08,81,0.487359200349,2.50042612062,5.13056102938,8.08880951504e-14,1.02110365064e-14,1,0.007592801,lanczos,0.487359200349,2.50042612062,0,0,0
middle_coarse2,0,32,320,171,small,split,hybrid_s2h05,H(C+S)H,2,0.5,1,17,restarted,80,1e-08,81,0.689876729251,4.76243907215,6.90331891223,1.05688242112e-11,7.42203795985e-15,1,0.008095473,lanczos,0.689876729251,4.76243907215,0,0,0
middle_coarse2,0,32,320,171,small,split,reference_SHCHS,SHCHS,0.6,1,1,17,restarted,80,1e-08,81,0.512210744044,1,1.95232140604,6.70732525681e-14,0,1,0.009327865,projector_identity,0.512210744044,1,1.25492518885e-13,0,0
middle_chosen_coarse,0,32,320,75,large,unsplit,chosen_middle,HCSCH,0.333333333333,1,1,17,restarted,80,1e-09,81,0.681858613056,1,1.46657969974,5.1079975393e-14,0,1,0.012263755,projector_identity,0.681858613056,1,3.25717563221e-13,1,0
middle_chosen_coarse,0,32,320,75,large,unsplit,chosen_middle,CHSHC,0.333333333333,1,1,17,restarted,80,1e-09,81,0.682114717636,1,1.46602906248,3.94584268932e-14,0,1,0.011922463,projector_identity,0.682114717636,1,2.18321920958e-13,1,0
middle_chosen_coarse,0,32,320,75,large,unsplit,chosen_hybrid,H(C+S)H,0.333333333333,1,0.5,17,restarted,80,1e-09,159,0.553515666872,1.45577360873,2.63004951052,4.14474050308e-13,1.11674497359e-13,1,0.01761693,lanczos,0.553515666872,1.45577360873,7.70393762007e-15,0,0
middle_chosen_coarse,0,32,320,75,small,unsplit,chosen_middle,HCSCH,0.4,1,1,17,full_bound,80,1e-09,70,0.197306974428,1.17991698556,5.98010784453,1.7570028254e-13,7.06369327381e-12,1,0.012951912,lanczos,0.197306974428,1.17991698556,3.75581750257e-13,1.2,0.0200830144412
middle_chosen_coarse,0,32,320,75,small,unsplit,chosen_middle,CHSHC,0.4,1,1,17,full_bound,80,1e-09,60,0.19731661082,1.17996740096,5.98007129789,2.41499261739e-11,8.84914654485e-10,1,0.010428748,lanczos,0.19731661082,1.17996740096,3.6089593813e-13,1.2,0.0200325990381
middle_chosen_coarse,0,32,320,75,small,unsplit,chosen_hybrid,H(C+S)H,0.4,1,0.5,17,restarted,80,1e-09,81,0.19712029037,1.18422244534,6.00761313368,1.95874006458e-13,1.67419945117e-14,1,0.008915226,lanczos,0.19712029037,1.18422244534,3.31458287934e-14,0,0
middle_chosen_coarse,0,32,320,171,large,split,chosen_middle,HCSCH,0.333333333333,1,1,17,restarted,80,1e-09,81,0.681861220699,1,1.4665740911,4.20557710357e-14,0,1,0.012982689,projector_identity,0.681861220699,1,1.59165436782e-13,1,0
middle_chosen_coarse,0,32,320,171,large,split,chosen_middle,CHSHC,0.333333333333,1,1,17,restarted,80,1e-09,81,0.682115863113,1,1.46602660058,5.82970466883e-14,0,1,0.012729052,projector_identity,0.682115863113,1,2.94492600734e-13,1,0
middle_chosen_coarse,0,32,320,171,large,split,chosen_hybrid,H(C+S)H,0.333333333333,1,0.5,17,restarted,80,1e-09,159,0.553816565396,1.45574982277,2.62857760806,4.2273737763e-13,1.92407545155e-13,1,0.020908722,lanczos,0.553816565396,1.45574982277,2.27443351862e-15,0,0
middle_chosen_coarse,0,32,320,171,small,split,chosen_middle,HCSCH,0.5,1,1,17,full_bound,80,1e-09,60,0.379515575168,1.26462435168,3.33220672463,8.97349815962e-14,7.44125924846e-12,1,0.010801901,lanczos,0.379515575168,1.26462435168,2.47711501072e-13,1.5,0.235375648324
middle_chosen_coarse,0,32,320,171,small,split,chosen_middle,CHSHC,0.5,1,1,17,full_bound,80,1e-09,60,0.379540413102,1.2654070236,3.33405081492,5.82312211649e-14,3.47702328543e-12,1,0.01104023,lanczos,0.379540413102,1.2654070236,3.17541131804e-13,1.5,0.234592976403
middle_chosen_coarse,0,32,320,171,small,split,chosen_hybrid,H(C+S)H,0.5,1,0.5,17,restarted,80,1e-09,81,0.37856592499,1.26877173192,3.35152122304,7.00845402741e-14,2.40695411788e-14,1,0.009302506,lanczos,0.37856592499,1.26877173192,0,0,0
middle_tune2,2,512,4736,867,large,unsplit,tune_middle,HCSCH,0.5,0.5,1,17,full_bound,80,1e-07,600,0.472116703047,1.49999949224,3.17717946126,9.41217021394e-13,1.20771146495e-05,0,8.165133921,lanczos,0,0,0,1.5,5.07762168755e-07
middle_tune2,2,512,4736,867,large,unsplit,tune_middle,HCSCH,0.5,1,1,17,full_bound,80,1e-07,600,0.705519287552,1.49999957329,2.12609293573,4.68461710543e-13,7.36646504336e-06,0,7.935278136,lanczos,0,0,0,1.5,4.26714056978e-07
middle_tune2,2,512,4736,867,large,unsplit,tune_middle,HCSCH,1,0.5,1,17,full_bound,80,1e-07,600,0.523476771459,2.99999865455,5.73091074545,9.8503377732e-13,1.53744874019e-05,0,9.539726863,lanczos,0,0,0,3,1.34545426089e-06
middle_tune2,2,512,4736,867,large,unsplit,tune_middle,HCSCH,1,1,1,17,full_bound,80,1e-07,600,0.789309123223,2.99999873598,3.8007906506,9.06842271227e-13,1.79422957138e-05,0,8.24263576,lanczos,0,0,0,3,1.26402035416e-06
middle_tune2,2,512,4736,867,large,unsplit,tune_middle,HCSCH,2,0.5,1,17,full_bound,80,1e-07,600,0.595974994237,5.99999697709,10.0675314151,2.52225451361e-12,1.87832121025e-05,0,8.312702833,lanczos,0,0,0,6,3.02291485799e-06
middle_tune2,2,512,4736,867,large,unsplit,tune_middle,HCSCH,2,1,1,17,full_bound,80,1e-07,600,0.835522602638,5.99999711018,7.18113081709,1.81124389667e-12,1.29169267613e-05,0,7.94176926,lanczos,0,0,0,6,2.88982496688e-06
middle_tune2,2,512,4736,867,large,unsplit,tune_middle,HCSCH,4,0.5,1,17,full_bound,80,1e-07,600,0.695808514916,11.9999936554,17.2461149845,3.93319063241e-12,1.44271817179e-05,0,9.635746552,lanczos,0,0,0,12,6.34459976467e-06
middle_tune2,2,512,4736,867,large,unsplit,tune_middle,HCSCH,4,1,1,17,full_bound,80,1e-07,600,0.885759418408,11.9999938373,13.5476897991,5.27284369048e-12,1.96528378387e-05,0,9.970378531,lanczos,0,0,0,12,6.16273733556e-06
middle_tune2,2,512,4736,867,large,unsplit,tune_middle,CHSHC,0.5,0.5,1,17,full_bound,80,1e-07,600,0.472121988047,1.49999949174,3.17714389442,9.11916115779e-13,1.20788492376e-05,0,7.681314054,lanczos,0,0,0,1.5,5.08256794429e-07
middle_tune2,2,512,4736,867,large,unsplit,tune_middle,CHSHC,0.5,1,1,17,full_bound,80,1e-07,600,0.705523132041,1.4999995733,2.12608135039,4.44922030132e-13,7.53470516056e-06,0,7.51320896,lanczos,0,0,0,1.5,4.26701216583e-07
middle_tune2,2,512,4736,867,large,unsplit,tune_middle,CHSHC,1,0.5,1,17,full_bound,80,1e-07,600,0.523510676185,2.99999865402,5.73053958686,1.01356339703e-12,1.53176862678e-05,0,8.245141956,lanczos,0,0,0,3,1.34597560786e-06
middle_tune2,2,512,4736,867,large,unsplit,tune_middle,CHSHC,1,1,1,17,full_bound,80,1e-07,600,0.789382368153,2.99999873521,3.80043798322,1.00502377737e-12,1.74868833571e-05,0,7.429265739,lanczos,0,0,0,3,1.264788005e-06
middle_tune2,2,512,4736,867,large,unsplit,tune_middle,CHSHC,2,0.5,1,17,full_bound,80,1e-07,600,0.596052139679,5.99999697751,10.066228402,1.65235374399e-12,1.86169525707e-05,0,7.230829454,lanczos,0,0,0,6,3.02249409323e-06
middle_tune2,2,512,4736,867,large,unsplit,tune_middle,CHSHC,2,1,1,17,full_bound,80,1e-07,600,0.835957907488,5.99999711252,7.17739141981,1.18652686899e-12,1.31636010253e-05,0,7.430336734,lanczos,0,0,0,6,2.88747609289e-06
middle_tune2,2,512,4736,867,large,unsplit,tune_middle,CHSHC,4,0.5,1,17,full_bound,80,1e-07,600,0.696690335324,11.9999936563,17.2242860965,2.2278164202e-12,1.45176052629e-05,0,8.000016736,lanczos,0,0,0,12,6.343743161e-06
middle_tune2,2,512,4736,867,large,unsplit,tune_middle,CHSHC,4,1,1,17,full_bound,80,1e-07,600,0.892298420247,11.9999938411,13.4484087036,3.21580511473e-12,2.03077388455e-05,0,8.098993513,lanczos,0,0,0,12,6.15890800404e-06
middle_tune2,2,512,4736,867,large,unsplit,tune_hybrid,H(C+S)H,0.5,0.5,0.5,17,restarted,80,1e-07,236,0.471843623086,1.92986740266,4.09005718894,3.60547788276e-12,4.37928087322e-09,1,0.513529633,lanczos,0,0,0,0,0
middle_tune2,2,512,4736,867,large,unsplit,tune_hybrid,H(C+S)H,0.5,1,0.5,17,restarted,80,1e-07,852,0.508054936845,1.92984376585,3.79849426881,5.53438640106e-08,1.11194797036e-12,1,1.854002082,lanczos,0,0,0,0,0
middle_tune2,2,512,4736,867,large,unsplit,tune_hybrid,H(C+S)H,0.5,0.5,1,17,restarted,80,1e-07,313,0.472113573836,2.42984649782,5.1467414463,4.4068942523e-12,1.9167751858e-10,1,0.713865432,lanczos,0,0,0,0,0
middle_tune2,2,512,4736,867,large,unsplit,tune_hybrid,H(C+S)H,0.5,1,1,17,restarted,80,1e-07,314,0.705516585178,2.42981119329,3.44401711361,2.85405174953e-12,1.54989904924e-08,1,0.706620966,lanczos,0,0,0,0,0
middle_tune2,2,512,4736,867,large,unsplit,tune_hybrid,H(C+S)H,0.5,0.5,2,17,restarted,80,1e-07,391,0.472133449219,3.42981252326,7.26449805439,1.11625377348e-11,5.16352560662e-10,1,0.872677685,lanczos,0,0,0,0,0
middle_tune2,2,512,4736,867,large,unsplit,tune_hybrid,H(C+S)H,0.5,1,2,17,restarted,80,1e-07,391,0.705522676833,3.42975431959,4.86129564961,5.57833247471e-12,1.34447283285e-09,1,0.830495565,lanczos,0,0,0,0,0
middle_tune2,2,512,4736,867,large,unsplit,tune_hybrid,H(C+S)H,1,0.5,0.5,17,restarted,80,1e-07,1155,0.50774954081,3.35974473634,6.6169330867,6.9130865532e-08,6.60854771013e-13,1,2.459211555,lanczos,0,0,0,0,0
middle_tune2,2,512,4736,867,large,unsplit,tune_hybrid,H(C+S)H,1,1,0.5,17,restarted,80,1e-07,1156,0.511503095438,3.35968942004,6.56826801246,1.67780048494e-08,6.04865025704e-13,1,2.747368214,lanczos,0,0,0,0,0
middle_tune2,2,512,4736,867,large,unsplit,tune_hybrid,H(C+S)H,1,0.5,1,17,restarted,80,1e-07,236,0.523476965012,3.85970895121,7.37321641483,4.08783645175e-12,2.06231442299e-08,1,0.643705014,lanczos,0,0,0,0,0
middle_tune2,2,512,4736,867,large,unsplit,tune_hybrid,H(C+S)H,1,1,1,17,restarted,80,1e-07,237,0.789297534346,3.85964151912,4.8899703232,8.06082469562e-12,4.85851858014e-08,1,0.625272951,lanczos,0,0,0,0,0
middle_tune2,2,512,4736,867,large,unsplit,tune_hybrid,H(C+S)H,1,0.5,2,17,restarted,80,1e-07,391,0.523588079719,4.85966752694,9.28147090275,8.74095464524e-12,2.0649245428e-09,1,1.087127407,lanczos,0,0,0,0,0
middle_tune2,2,512,4736,867,large,unsplit,tune_hybrid,H(C+S)H,1,1,2,17,restarted,80,1e-07,391,0.789381376687,4.85957618885,6.15618297108,7.5830846724e-12,3.352635277e-10,1,0.870199067,lanczos,0,0,0,0,0
middle_tune2,2,512,4736,867,large,unsplit,tune_hybrid,H(C+S)H,2,0.5,0.5,17,restarted,80,1e-07,1079,0.511668920818,6.21958704733,12.1554911668,4.01083668161e-08,6.61625419727e-13,1,2.434493338,lanczos,0,0,0,0,0
middle_tune2,2,512,4736,867,large,unsplit,tune_hybrid,H(C+S)H,2,1,0.5,17,restarted,80,1e-07,1004,0.516388990317,6.21946936767,12.0441556352,1.86310050693e-08,7.01507214858e-13,1,2.473062856,lanczos,0,0,0,0,0
middle_tune2,2,512,4736,867,large,unsplit,tune_hybrid,H(C+S)H,2,0.5,1,17,restarted,80,1e-07,314,0.596016343011,6.71946549981,11.2739618277,5.47359009576e-12,4.91158085779e-09,1,0.686783652,lanczos,0,0,0,0,0
middle_tune2,2,512,4736,867,large,unsplit,tune_hybrid,H(C+S)H,2,1,1,17,restarted,80,1e-07,391,0.835506607,6.71933669098,8.04223046794,9.74400036548e-09,6.392859719e-13,1,0.822431764,lanczos,0,0,0,0,0
middle_tune2,2,512,4736,867,large,unsplit,tune_hybrid,H(C+S)H,2,0.5,2,17,restarted,80,1e-07,314,0.596214899176,7.71939356966,12.9473342252,8.54650158687e-12,6.20398099775e-08,1,0.661229059,lanczos,0,0,0,0,0
middle_tune2,2,512,4736,867,large,unsplit,tune_hybrid,H(C+S)H,2,1,2,17,restarted,80,1e-07,470,0.835984010557,7.71923936234,9.23371651235,5.26748937524e-08,1.58714186219e-10,1,0.904651221,lanczos,0,0,0,0,0
middle_tune2,2,512,4736,867,small,unsplit,tune_middle,HCSCH,0.5,0.5,1,17,full_bound,80,1e-07,170,0.174715841759,1.48756837443,8.51421576575,3.35773900636e-08,2.43746134054e-13,1,0.710114573,lanczos,0,0,0,1.5,0.0124316255685
middle_tune2,2,512,4736,867,small,unsplit,tune_middle,HCSCH,0.5,1,1,17,full_bound,80,1e-07,170,0.185091564265,1.48641084788,8.0306785119,5.35033139499e-08,3.25590704734e-13,1,0.704961129,lanczos,0,0,0,1.5,0.0135891521201
middle_tune2,2,512,4736,867,small,unsplit,tune_middle,HCSCH,1,0.5,1,17,full_bound,80,1e-07,190,0.309441764295,2.97392496441,9.61061274706,4.85497297342e-08,4.09334857219e-13,1,0.822555727,lanczos,0,0,0,3,0.0260750355908
middle_tune2,2,512,4736,867,small,unsplit,tune_middle,HCSCH,1,1,1,17,full_bound,80,1e-07,160,0.359064566113,2.97219719127,8.27761208368,3.82618210394e-08,2.65122393529e-13,1,0.688180366,lanczos,0,0,0,3,0.0278028087256
middle_tune2,2,512,4736,867,small,unsplit,tune_middle,HCSCH,2,0.5,1,17,full_bound,80,1e-07,210,0.435011384123,5.94715200171,13.6712560148,4.36706719277e-08,1.5182808657e-13,1,0.977774855,lanczos,0,0,0,6,0.0528479982861
middle_tune2,2,512,4736,867,small,unsplit,tune_middle,HCSCH,2,1,1,17,full_bound,80,1e-07,200,0.62869751652,5.94406894556,9.45457678672,1.19244401551e-08,3.40554313762e-13,1,0.894188681,lanczos,0,0,0,6,0.055931054435
middle_tune2,2,512,4736,867,small,unsplit,tune_middle,HCSCH,4,0.5,1,17,full_bound,80,1e-07,210,0.494763683662,11.8937382386,24.0392305081,6.40749083925e-08,3.18983445133e-13,1,1.103881161,lanczos,0,0,0,12,0.106261761393
middle_tune2,2,512,4736,867,small,unsplit,tune_middle,HCSCH,4,1,1,17,full_bound,80,1e-07,280,0.767074440832,11.887881165,15.4976890536,4.35136239834e-08,5.95895281885e-13,1,1.582763956,lanczos,0,0,0,12,0.112118834981
middle_tune2,2,512,4736,867,small,unsplit,tune_middle,CHSHC,0.5,0.5,1,17,full_bound,80,1e-07,170,0.174715296971,1.4875705297,8.51425465023,3.35745710483e-08,2.92686708203e-13,1,0.710788475,lanczos,0,0,0,1.5,0.012429470298
middle_tune2,2,512,4736,867,small,unsplit,tune_middle,CHSHC,0.5,1,1,17,full_bound,80,1e-07,170,0.185091268415,1.48641381249,8.0307073652,5.33019362482e-08,1.95542783482e-13,1,0.76348483,lanczos,0,0,0,1.5,0.0135861875086
middle_tune2,2,512,4736,867,small,unsplit,tune_middle,CHSHC,1,0.5,1,17,full_bound,80,1e-07,190,0.309439743,2.97392787884,9.61068494308,4.73823947698e-08,5.89723385615e-13,1,0.873618266,lanczos,0,0,0,3,0.0260721211595
middle_tune2,2,512,4736,867,small,unsplit,tune_middle,CHSHC,1,1,1,17,full_bound,80,1e-07,160,0.359062976393,2.97220045312,8.27765781641,3.82569360554e-08,1.43350667533e-13,1,0.811548938,lanczos,0,0,0,3,0.02779954688
middle_tune2,2,512,4736,867,small,unsplit,tune_middle,CHSHC,2,0.5,1,17,full_bound,80,1e-07,210,0.435010579936,5.94715699016,13.6712927557,4.27900968811e-08,9.92475395211e-14,1,1.097439987,lanczos,0,0,0,6,0.0528430098411
middle_tune2,2,512,4736,867,small,unsplit,tune_middle,CHSHC,2,1,1,17,full_bound,80,1e-07,200,0.628690060212,5.94407418833,9.45469725786,1.22349822888e-08,1.05516048039e-13,1,1.049044009,lanczos,0,0,0,6,0.0559258116711
middle_tune2,2,512,4736,867,small,unsplit,tune_middle,CHSHC,4,0.5,1,17,full_bound,80,1e-07,210,0.494777329289,11.8937475361,24.0385863135,6.43834072598e-08,3.46187881278e-13,1,1.316275287,lanczos,0,0,0,12,0.106252463912
middle_tune2,2,512,4736,867,small,unsplit,tune_middle,CHSHC,4,1,1,17,full_bound,80,1e-07,280,0.767105362674,11.8878906806,15.4970767499,3.74019756829e-08,7.47719486813e-13,1,1.916625917,lanczos,0,0,0,12,0.112109319372
middle_tune2,2,512,4736,867,small,unsplit,tune_hybrid,H(C+S)H,0.5,0.5,0.5,17,restarted,80,1e-07,235,0.174702485652,1.48787066722,8.51659701161,1.18375103616e-08,4.58197028594e-13,1,0.551970221,lanczos,0,0,0,0,0
middle_tune2,2,512,4736,867,small,unsplit,tune_hybrid,H(C+S)H,0.5,1,0.5,17,restarted,80,1e-07,235,0.185076425567,1.48671545773,8.03298125722,1.61015896546e-09,2.36425191511e-13,1,0.635781025,lanczos,0,0,0,0,0
middle_tune2,2,512,4736,867,small,unsplit,tune_hybrid,H(C+S)H,0.5,0.5,1,17,restarted,80,1e-07,235,0.174710857204,1.48818077772,8.51796391784,1.19328497145e-08,3.62386789375e-13,1,0.65029666,lanczos,0,0,0,0,0
middle_tune2,2,512,4736,867,small,unsplit,tune_hybrid,H(C+S)H,0.5,1,1,17,restarted,80,1e-07,235,0.18508603521,1.48702880058,8.03425714368,1.82200570184e-09,6.40988543612e-13,1,0.628726163,lanczos,0,0,0,0,0
middle_tune2,2,512,4736,867,small,unsplit,tune_hybrid,H(C+S)H,0.5,0.5,2,17,restarted,80,1e-07,4500,0.174713842869,2.00114388814,11.4538370588,6.78263363303e-08,1.76677486127e-08,1,11.112727976,lanczos,0,0,0,0,0
middle_tune2,2,512,4736,867,small,unsplit,tune_hybrid,H(C+S)H,0.5,1,2,17,restarted,80,1e-07,7823,nan,nan,nan,nan,nan,0,17.207672417,lanczos,0,0,0,0,0
middle_tune2,2,512,4736,867,small,unsplit,tune_hybrid,H(C+S)H,1,0.5,0.5,17,restarted,80,1e-07,311,0.309369261488,2.97440938297,9.61443088646,2.04287102366e-09,9.60573347092e-14,1,0.676879868,lanczos,0,0,0,0,0
middle_tune2,2,512,4736,867,small,unsplit,tune_hybrid,H(C+S)H,1,1,0.5,17,restarted,80,1e-07,235,0.358936111767,2.97268383064,8.28193021873,7.19283880959e-10,1.89890932551e-13,1,0.510973379,lanczos,0,0,0,0,0
middle_tune2,2,512,4736,867,small,unsplit,tune_hybrid,H(C+S)H,1,0.5,1,17,restarted,80,1e-07,311,0.309422944005,2.97453222849,9.61315987104,2.05294130924e-09,4.36361382437e-13,1,0.676694,lanczos,0,0,0,0,0
middle_tune2,2,512,4736,867,small,unsplit,tune_hybrid,H(C+S)H,1,1,1,17,restarted,80,1e-07,235,0.359038058407,2.972807295,8.27992249122,6.38741189097e-10,2.58264974697e-13,1,0.530513777,lanczos,0,0,0,0,0
middle_tune2,2,512,4736,867,small,unsplit,tune_hybrid,H(C+S)H,1,0.5,2,17,restarted,80,1e-07,311,0.309435083439,2.97515495281,9.61479519307,2.04390958531e-09,7.53143248769e-13,1,0.679149515,lanczos,0,0,0,0,0
middle_tune2,2,512,4736,867,small,unsplit,tune_hybrid,H(C+S)H,1,1,2,17,restarted,80,1e-07,235,0.359055640305,2.97343278497,8.28125908966,6.35764489703e-10,5.3348289591e-13,1,0.540363459,lanczos,0,0,0,0,0
middle_tune2,2,512,4736,867,small,unsplit,tune_hybrid,H(C+S)H,2,0.5,0.5,17,restarted,80,1e-07,311,0.434768677244,5.94803283163,13.6809138812,1.24086988324e-08,1.09179134099e-13,1,0.685871825,lanczos,0,0,0,0,0
middle_tune2,2,512,4736,867,small,unsplit,tune_hybrid,H(C+S)H,2,1,0.5,17,restarted,80,1e-07,7683,nan,nan,nan,nan,nan,0,16.463709781,lanczos,0,0,0,0,0
middle_tune2,2,512,4736,867,small,unsplit,tune_hybrid,H(C+S)H,2,0.5,1,17,restarted,80,1e-07,311,0.434987852522,5.94812196016,13.6742254426,1.10554969179e-08,1.50570918665e-13,1,0.634109297,lanczos,0,0,0,0,0
middle_tune2,2,512,4736,867,small,unsplit,tune_hybrid,H(C+S)H,2,1,1,17,restarted,80,1e-07,311,0.628575293609,5.94504229397,9.45796367502,3.29440711675e-09,2.19984261839e-13,1,0.653768778,lanczos,0,0,0,0,0
middle_tune2,2,512,4736,867,small,unsplit,tune_hybrid,H(C+S)H,2,0.5,2,17,restarted,80,1e-07,311,0.435007049461,5.94836783811,13.674187224,1.17017040178e-08,2.84638361128e-13,1,0.647551743,lanczos,0,0,0,0,0
middle_tune2,2,512,4736,867,small,unsplit,tune_hybrid,H(C+S)H,2,1,2,17,restarted,80,1e-07,311,0.628672886575,5.94528898975,9.45688786125,3.3152465993e-09,2.92714225328e-13,1,0.624155289,lanczos,0,0,0,0,0
middle_tune2,2,512,4736,2403,large,split,tune_middle,HCSCH,0.5,0.5,1,17,full_bound,80,1e-07,600,0.472116769875,1.49987516729,3.17691567636,1.03530787813e-12,5.20009430481e-05,0,8.355855356,lanczos,0,0,0,1.5,0.000124832710786
middle_tune2,2,512,4736,2403,large,split,tune_middle,HCSCH,0.5,1,1,17,full_bound,80,1e-07,600,0.705519288655,1.49987677318,2.12591887607,1.02802673876e-12,3.50673271136e-05,0,8.317836036,lanczos,0,0,0,1.5,0.000123226816018
middle_tune2,2,512,4736,2403,large,split,tune_middle,HCSCH,1,0.5,1,17,full_bound,80,1e-07,600,0.523476835699,2.99974567729,5.73042677865,9.27216801852e-13,4.3367388254e-05,0,8.401544137,lanczos,0,0,0,3,0.000254322707008
middle_tune2,2,512,4736,2403,large,split,tune_middle,HCSCH,1,1,1,17,full_bound,80,1e-07,600,0.789309121878,2.99974704005,3.80047177577,8.39534288474e-13,4.45112037108e-05,0,8.580875259,lanczos,0,0,0,3,0.000252959946378
middle_tune2,2,512,4736,2403,large,split,tune_middle,HCSCH,2,0.5,1,17,full_bound,80,1e-07,600,0.595975073356,5.99948790009,10.0666758868,2.16679391929e-12,4.63163197138e-05,0,8.467530004,lanczos,0,0,0,6,0.000512099909099
middle_tune2,2,512,4736,2403,large,split,tune_middle,HCSCH,2,1,1,17,full_bound,80,1e-07,600,0.835522713003,5.9994893282,7.18052212684,2.57119579554e-12,4.24528791727e-05,0,8.478164946,lanczos,0,0,0,6,0.000510671804963
middle_tune2,2,512,4736,2403,large,split,tune_middle,HCSCH,4,0.5,1,17,full_bound,80,1e-07,600,0.695808733877,11.9989736712,17.2446436599,3.24462665031e-12,3.91366656445e-05,0,8.265265806,lanczos,0,0,0,12,0.00102632882379
middle_tune2,2,512,4736,2403,large,split,tune_middle,HCSCH,4,1,1,17,full_bound,80,1e-07,600,0.885761207018,11.9989752061,13.5465124359,5.20793058574e-12,5.50463058291e-05,0,8.228054017,lanczos,0,0,0,12,0.0010247939249
middle_tune2,2,512,4736,2403,large,split,tune_middle,CHSHC,0.5,0.5,1,17,full_bound,80,1e-07,600,0.472122052976,1.49987516777,3.17688012733,1.31904470617e-12,5.24904816382e-05,0,8.320716727,lanczos,0,0,0,1.5,0.000124832227283
middle_tune2,2,512,4736,2403,large,split,tune_middle,CHSHC,0.5,1,1,17,full_bound,80,1e-07,600,0.705523132686,1.49987677239,2.12590729191,9.49066337376e-13,3.40937969051e-05,0,8.314264141,lanczos,0,0,0,1.5,0.000123227614746
middle_tune2,2,512,4736,2403,large,split,tune_middle,CHSHC,1,0.5,1,17,full_bound,80,1e-07,600,0.523510728187,2.99974567579,5.73005578354,1.21104231553e-12,4.33879013635e-05,0,8.369123575,lanczos,0,0,0,3,0.000254324205314
middle_tune2,2,512,4736,2403,large,split,tune_middle,CHSHC,1,1,1,17,full_bound,80,1e-07,600,0.789382347042,2.99974703741,3.80011923074,1.12990697257e-12,4.19906915442e-05,0,8.5017319,lanczos,0,0,0,3,0.000252962593804
middle_tune2,2,512,4736,2403,large,split,tune_middle,CHSHC,2,0.5,1,17,full_bound,80,1e-07,600,0.596052195189,5.99948790508,10.065373391,1.20933798844e-12,4.91012659007e-05,0,8.518834876,lanczos,0,0,0,6,0.000512094921063
middle_tune2,2,512,4736,2403,large,split,tune_middle,CHSHC,2,1,1,17,full_bound,80,1e-07,600,0.835957887279,5.99948933066,7.17678416815,1.53406381301e-12,5.58689619671e-05,0,8.549558954,lanczos,0,0,0,6,0.000510669337192
middle_tune2,2,512,4736,2403,large,split,tune_middle,CHSHC,4,0.5,1,17,full_bound,80,1e-07,600,0.69669042366,11.9989736587,17.2228198512,1.43422629242e-12,3.90940489092e-05,0,8.402445765,lanczos,0,0,0,12,0.00102634125844
middle_tune2,2,512,4736,2403,large,split,tune_middle,CHSHC,4,1,1,17,full_bound,80,1e-07,600,0.892298283571,11.9989751928,13.4472691629,1.69462659876e-12,4.11635815732e-05,0,8.451161422,lanczos,0,0,0,12,0.00102480719726
middle_tune2,2,512,4736,2403,large,split,tune_hybrid,H(C+S)H,0.5,0.5,0.5,17,restarted,80,1e-07,236,0.471843715735,1.92986596988,4.09005334929,3.67314381478e-12,5.82136200496e-09,1,0.679534475,lanczos,0,0,0,0,0
middle_tune2,2,512,4736,2403,large,split,tune_hybrid,H(C+S)H,0.5,1,0.5,17,restarted,80,1e-07,852,0.508064991336,1.92984154734,3.79841473089,6.39889809347e-08,1.43483251232e-12,1,2.504287341,lanczos,0,0,0,0,0
middle_tune2,2,512,4736,2403,large,split,tune_hybrid,H(C+S)H,0.5,0.5,1,17,restarted,80,1e-07,313,0.47211363893,2.42984434648,5.14673617984,5.21797581216e-12,1.74675686376e-10,1,0.917645268,lanczos,0,0,0,0,0
middle_tune2,2,512,4736,2403,large,split,tune_hybrid,H(C+S)H,0.5,1,1,17,restarted,80,1e-07,314,0.705516586728,2.42980760206,3.44401201582,2.67299019906e-12,1.49900994861e-08,1,0.92738804,lanczos,0,0,0,0,0
middle_tune2,2,512,4736,2403,large,split,tune_hybrid,H(C+S)H,0.5,0.5,2,17,restarted,80,1e-07,391,0.472133514099,3.42980889619,7.26448937382,1.12670366225e-11,5.32751149591e-10,1,1.126716205,lanczos,0,0,0,0,0
middle_tune2,2,512,4736,2403,large,split,tune_hybrid,H(C+S)H,0.5,1,2,17,restarted,80,1e-07,391,0.705522678106,3.4297479983,4.86128668112,1.39597748141e-11,9.94440316876e-10,1,1.100676584,lanczos,0,0,0,0,0
middle_tune2,2,512,4736,2403,large,split,tune_hybrid,H(C+S)H,1,0.5,0.5,17,restarted,80,1e-07,1155,0.507750608834,3.35974193426,6.61691364976,7.34787411373e-08,6.63086294278e-13,1,3.501001088,lanczos,0,0,0,0,0
middle_tune2,2,512,4736,2403,large,split,tune_hybrid,H(C+S)H,1,1,0.5,17,restarted,80,1e-07,1079,0.511506398097,3.35968593397,6.56821878763,1.91975693028e-08,7.13595755943e-13,1,3.112089837,lanczos,0,0,0,0,0
middle_tune2,2,512,4736,2403,large,split,tune_hybrid,H(C+S)H,1,0.5,1,17,restarted,80,1e-07,236,0.523477015251,3.85970536415,7.37320885483,1.34219081645e-11,2.81957199249e-08,1,0.715976032,lanczos,0,0,0,0,0
middle_tune2,2,512,4736,2403,large,split,tune_hybrid,H(C+S)H,1,1,1,17,restarted,80,1e-07,236,0.789297520331,3.85963645728,4.88996399692,5.9623600904e-12,9.04078838154e-09,1,0.733617858,lanczos,0,0,0,0,0
middle_tune2,2,512,4736,2403,large,split,tune_hybrid,H(C+S)H,1,0.5,2,17,restarted,80,1e-07,391,0.523588129781,4.85966235669,9.28146014067,7.5583926709e-12,1.79061800411e-09,1,1.046538409,lanczos,0,0,0,0,0
middle_tune2,2,512,4736,2403,large,split,tune_hybrid,H(C+S)H,1,1,2,17,restarted,80,1e-07,391,0.789381359524,4.85956811307,6.15617287441,4.22312512528e-12,2.14671136999e-10,1,1.072391672,lanczos,0,0,0,0,0
middle_tune2,2,512,4736,2403,large,split,tune_hybrid,H(C+S)H,2,0.5,0.5,17,restarted,80,1e-07,1079,0.511669193804,6.21958105392,12.1554729682,3.12562002228e-08,7.16591601742e-13,1,2.974630023,lanczos,0,0,0,0,0
middle_tune2,2,512,4736,2403,large,split,tune_hybrid,H(C+S)H,2,1,0.5,17,restarted,80,1e-07,851,0.516390093897,6.21946288244,12.0441173368,8.04040153765e-08,7.24080092761e-13,1,2.503883044,lanczos,0,0,0,0,0
middle_tune2,2,512,4736,2403,large,split,tune_hybrid,H(C+S)H,2,0.5,1,17,restarted,80,1e-07,314,0.596016393115,6.7194595637,11.2739509204,6.64244863456e-12,7.60450677328e-09,1,1.016909421,lanczos,0,0,0,0,0
middle_tune2,2,512,4736,2403,large,split,tune_hybrid,H(C+S)H,2,1,1,17,restarted,80,1e-07,391,0.835506599175,6.71932951837,8.04222195852,4.2809797124e-08,9.0070302814e-13,1,1.257689539,lanczos,0,0,0,0,0
middle_tune2,2,512,4736,2403,large,split,tune_hybrid,H(C+S)H,2,0.5,2,17,restarted,80,1e-07,314,0.596214949714,7.71938585224,12.9473201837,1.00059676392e-11,6.09914597091e-08,1,0.944898018,lanczos,0,0,0,0,0
middle_tune2,2,512,4736,2403,large,split,tune_hybrid,H(C+S)H,2,1,2,17,restarted,80,1e-07,470,0.83598399943,7.71922882289,9.23370402801,4.57871469377e-08,1.01057246532e-10,1,1.3969865,lanczos,0,0,0,0,0
middle_tune2,2,512,4736,2403,small,split,tune_middle,HCSCH,0.5,0.5,1,17,full_bound,80,1e-07,140,0.234002034505,1.37148278824,5.86098659842,2.43384968603e-08,4.26555175503e-13,1,0.707752913,lanczos,0,0,0,1.5,0.128517211764
middle_tune2,2,512,4736,2403,small,split,tune_middle,HCSCH,0.5,1,1,17,full_bound,80,1e-07,130,0.311224187614,1.27158433742,4.08575036269,3.79381507983e-08,1.68280668713e-13,1,0.631344012,lanczos,0,0,0,1.5,0.228415662579
middle_tune2,2,512,4736,2403,small,split,tune_middle,HCSCH,1,0.5,1,17,full_bound,80,1e-07,170,0.351672951443,2.50732548824,7.1297080937,1.80300674354e-08,1.44610364908e-13,1,0.924456013,lanczos,0,0,0,3,0.492674511761
middle_tune2,2,512,4736,2403,small,split,tune_middle,HCSCH,1,1,1,17,full_bound,80,1e-07,120,0.500341699491,2.10779001031,4.212701065,4.50556263623e-08,5.76815242398e-13,1,0.55014249,lanczos,0,0,0,3,0.892209989689
middle_tune2,2,512,4736,2403,small,split,tune_middle,HCSCH,2,0.5,1,17,full_bound,80,1e-07,190,0.447129519174,4.78021003622,10.6908844781,6.7996874302e-08,2.95546752199e-13,1,1.062526389,lanczos,0,0,0,6,1.21978996378
middle_tune2,2,512,4736,2403,small,split,tune_middle,HCSCH,2,1,1,17,full_bound,80,1e-07,160,0.689724061037,3.9081298914,5.66622235206,9.94442818407e-09,2.9399428976e-13,1,0.841621957,lanczos,0,0,0,6,2.0918701086
middle_tune2,2,512,4736,2403,small,split,tune_middle,HCSCH,4,0.5,1,17,full_bound,80,1e-07,180,0.499150466062,9.32651401084,18.6847747222,9.45573892802e-08,1.26799012023e-12,1,0.972132946,lanczos,0,0,0,12,2.67348598916
middle_tune2,2,512,4736,2403,small,split,tune_middle,HCSCH,4,1,1,17,full_bound,80,1e-07,210,0.773715022121,7.80669366566,10.0898825051,7.47407990697e-08,2.16664518285e-13,1,1.208164317,lanczos,0,0,0,12,4.19330633434
middle_tune2,2,512,4736,2403,small,split,tune_middle,CHSHC,0.5,0.5,1,17,full_bound,80,1e-07,140,0.23400162576,1.37151719004,5.8611438514,2.43839304548e-08,1.50708640872e-13,1,0.71721948,lanczos,0,0,0,1.5,0.128482809961
middle_tune2,2,512,4736,2403,small,split,tune_middle,CHSHC,0.5,1,1,17,full_bound,80,1e-07,130,0.311224029802,1.27163497239,4.08591513064,3.80023123598e-08,1.97940385755e-13,1,0.674340766,lanczos,0,0,0,1.5,0.228365027614
middle_tune2,2,512,4736,2403,small,split,tune_middle,CHSHC,1,0.5,1,17,full_bound,80,1e-07,170,0.351671681151,2.50739419843,7.12992922892,1.91704444983e-08,1.77385683696e-13,1,0.951358369,lanczos,0,0,0,3,0.492605801574
middle_tune2,2,512,4736,2403,small,split,tune_middle,CHSHC,1,1,1,17,full_bound,80,1e-07,120,0.500340560945,2.10789122268,4.21291293814,4.50049345832e-08,3.2871859407e-13,1,0.613952315,lanczos,0,0,0,3,0.892108777315
middle_tune2,2,512,4736,2403,small,split,tune_middle,CHSHC,2,0.5,1,17,full_bound,80,1e-07,190,0.447129634199,4.7803473074,10.6911887331,5.98390094656e-08,5.79909052657e-13,1,1.115589191,lanczos,0,0,0,6,1.2196526926
middle_tune2,2,512,4736,2403,small,split,tune_middle,CHSHC,2,1,1,17,full_bound,80,1e-07,160,0.689721563255,3.90814046557,5.666258203,9.65994091262e-09,7.79007587835e-13,1,0.906345391,lanczos,0,0,0,6,2.09185953443
middle_tune2,2,512,4736,2403,small,split,tune_middle,CHSHC,4,0.5,1,17,full_bound,80,1e-07,180,0.499165505181,9.32678836355,18.6847614003,9.50546634027e-08,6.77932220223e-13,1,1.083592633,lanczos,0,0,0,12,2.67321163645
middle_tune2,2,512,4736,2403,small,split,tune_middle,CHSHC,4,1,1,17,full_bound,80,1e-07,210,0.773757197407,7.80671210787,10.0893563692,6.84316912546e-08,2.35952413432e-13,1,1.258076984,lanczos,0,0,0,12,4.19328789213
middle_tune2,2,512,4736,2403,small,split,tune_hybrid,H(C+S)H,0.5,0.5,0.5,17,restarted,80,1e-07,158,0.233988872581,1.3717814868,5.86259283044,1.46345327664e-08,9.88762394372e-14,1,0.368101868,lanczos,0,0,0,0,0
middle_tune2,2,512,4736,2403,small,split,tune_hybrid,H(C+S)H,0.5,1,0.5,17,restarted,80,1e-07,158,0.311203092519,1.27185074501,4.08688337483,1.63836397375e-08,7.79849337181e-14,1,0.404292736,lanczos,0,0,0,0,0
middle_tune2,2,512,4736,2403,small,split,tune_hybrid,H(C+S)H,0.5,0.5,1,17,restarted,80,1e-07,158,0.233997701186,1.37218867974,5.86411179591,1.46488381021e-08,3.40100754622e-13,1,0.384629779,lanczos,0,0,0,0,0
middle_tune2,2,512,4736,2403,small,split,tune_hybrid,H(C+S)H,0.5,1,1,17,restarted,80,1e-07,158,0.311218784156,1.27236667037,4.08833507214,1.65080055861e-08,3.30939029072e-13,1,0.413661909,lanczos,0,0,0,0,0
middle_tune2,2,512,4736,2403,small,split,tune_hybrid,H(C+S)H,0.5,0.5,2,17,restarted,80,1e-07,1238,0.234000363692,2.00107336612,8.55158229049,2.22591720963e-10,9.16830705745e-08,1,3.006661266,lanczos,0,0,0,0,0
middle_tune2,2,512,4736,2403,small,split,tune_hybrid,H(C+S)H,0.5,1,2,17,restarted,80,1e-07,2008,0.311222299313,2.00099852315,6.4294831301,3.49843163328e-11,7.64480873979e-08,1,4.8982452,lanczos,0,0,0,0,0
middle_tune2,2,512,4736,2403,small,split,tune_hybrid,H(C+S)H,1,0.5,0.5,17,restarted,80,1e-07,235,0.351601241327,2.50790769588,7.13281809363,2.62998845986e-09,1.60070788407e-13,1,0.600325052,lanczos,0,0,0,0,0
middle_tune2,2,512,4736,2403,small,split,tune_hybrid,H(C+S)H,1,1,0.5,17,restarted,80,1e-07,387,0.496887634506,2.10840596965,4.24322487267,5.68249025189e-10,1.42521523231e-13,1,0.991127323,lanczos,0,0,0,0,0
middle_tune2,2,512,4736,2403,small,split,tune_hybrid,H(C+S)H,1,0.5,1,17,restarted,80,1e-07,235,0.351657418176,2.50810625517,7.13224327295,3.06174435028e-09,1.91063390609e-13,1,0.6257166,lanczos,0,0,0,0,0
middle_tune2,2,512,4736,2403,small,split,tune_hybrid,H(C+S)H,1,1,1,17,restarted,80,1e-07,158,0.500317519334,2.10870892834,4.21474133295,3.07054853826e-08,2.25900100664e-13,1,0.407919734,lanczos,0,0,0,0,0
middle_tune2,2,512,4736,2403,small,split,tune_hybrid,H(C+S)H,1,0.5,2,17,restarted,80,1e-07,235,0.35166757808,2.50966807285,7.13647839403,3.30828280628e-09,4.02619425e-13,1,0.608274428,lanczos,0,0,0,0,0
middle_tune2,2,512,4736,2403,small,split,tune_hybrid,H(C+S)H,1,1,2,17,restarted,80,1e-07,158,0.500334859622,2.11695296841,4.23107230627,2.7658121958e-08,2.49494145115e-12,1,0.414235513,lanczos,0,0,0,0,0
middle_tune2,2,512,4736,2403,small,split,tune_hybrid,H(C+S)H,2,0.5,0.5,17,restarted,80,1e-07,235,0.446860825631,4.78136320261,10.6998934083,2.12991819181e-09,7.76774230312e-14,1,0.606849002,lanczos,0,0,0,0,0
middle_tune2,2,512,4736,2403,small,split,tune_hybrid,H(C+S)H,2,1,0.5,17,restarted,80,1e-07,7685,nan,nan,nan,nan,nan,0,19.321691376,lanczos,0,0,0,0,0
middle_tune2,2,512,4736,2403,small,split,tune_hybrid,H(C+S)H,2,0.5,1,17,restarted,80,1e-07,235,0.44711228316,4.78152114002,10.6942289893,1.96448734755e-08,1.30937914115e-13,1,0.570820157,lanczos,0,0,0,0,0
middle_tune2,2,512,4736,2403,small,split,tune_hybrid,H(C+S)H,2,1,1,17,restarted,80,1e-07,236,0.689635683439,3.90858004161,5.66760122116,7.70923535817e-13,1.84457282769e-13,1,0.568622344,lanczos,0,0,0,0,0
middle_tune2,2,512,4736,2403,small,split,tune_hybrid,H(C+S)H,2,0.5,2,17,restarted,80,1e-07,235,0.447131883828,4.78200705554,10.6948469311,4.44560606973e-08,3.44274924043e-13,1,0.54658932,lanczos,0,0,0,0,0
middle_tune2,2,512,4736,2403,small,split,tune_hybrid,H(C+S)H,2,1,2,17,restarted,80,1e-07,159,0.689709699572,3.9088171929,5.66733684523,9.70166138041e-08,2.30660857301e-11,1,0.369686233,lanczos,0,0,0,0,0
middle_screen2,1,128,1216,243,large,unsplit,middle_HCSCH,HCSCH,1,1,1,17,full_bound,80,1e-07,410,0.85436548283,2.999999703,3.51137746466,6.36316715599e-13,7.95958854285e-07,1,1.232798519,lanczos_bracket,0,0,0,3,2.97004427274e-07
middle_screen2,1,128,1216,243,large,unsplit,middle_CHSHC,CHSHC,1,1,1,17,full_bound,80,1e-07,410,0.857418521816,2.9999997127,3.49887439607,4.06000241821e-13,1.38227296869e-05,1,1.355139356,lanczos_bracket,0,0,0,3,2.87297205581e-07
middle_screen2,1,128,1216,243,large,unsplit,middle_HCSCH_matched,HCSCH,0.4,1,1,17,full_bound,80,1e-07,410,0.638391978337,1.19999989789,1.87972270739,2.15912813584e-13,6.01746811763e-07,1,1.142897106,lanczos_bracket,0,0,0,1.2,1.02106589628e-07
middle_screen2,1,128,1216,243,large,unsplit,middle_CHSHC_matched,CHSHC,0.4,1,1,17,full_bound,80,1e-07,410,0.638408535705,1.19999989795,1.87967395615,1.30019549529e-13,5.80961217645e-07,1,1.042993401,lanczos_bracket,0,0,0,1.2,1.02049473538e-07
middle_screen2,1,128,1216,243,large,unsplit,hybrid_unit,H(C+S)H,1,1,1,17,restarted,80,1e-07,236,0.855920150821,3.86017661659,4.50997282035,1.00829459211e-12,1.16123540163e-09,1,0.094525547,lanczos,0,0,0,0,0
middle_screen2,1,128,1216,243,large,unsplit,hybrid_matched,H(C+S)H,0.4,1,1,17,restarted,80,1e-07,235,0.638284425845,2.14404011818,3.35906694785,9.12583316038e-13,6.48424659077e-11,1,0.093035994,lanczos,0,0,0,0,0
middle_screen2,1,128,1216,243,large,unsplit,hybrid_c05,H(C+S)H,1,1,0.5,17,restarted,80,1e-07,468,0.536590744605,3.36032139656,6.26235437408,3.53648395256e-08,2.50423058838e-13,1,0.182685976,lanczos,0,0,0,0,0
middle_screen2,1,128,1216,243,large,unsplit,hybrid_s2,H(C+S)H,2,1,1,17,restarted,80,1e-07,236,0.902156307475,6.72051941607,7.44939580911,1.48513052949e-12,9.94028353972e-10,1,0.097339455,lanczos,0,0,0,0,0
middle_screen2,1,128,1216,243,large,unsplit,hybrid_h05,H(C+S)H,1,0.5,1,17,restarted,80,1e-07,235,0.679162421721,3.86044732959,5.68412975472,8.96980215641e-13,3.88026276927e-11,1,0.091795507,lanczos,0,0,0,0,0
middle_screen2,1,128,1216,243,large,unsplit,hybrid_s2h05,H(C+S)H,2,0.5,1,17,restarted,80,1e-07,236,0.808396116811,6.72103781704,8.31404020537,1.06867045176e-12,1.07482001843e-09,1,0.08542072,lanczos,0,0,0,0,0
middle_screen2,1,128,1216,243,large,unsplit,reference_SHCHS,SHCHS,0.4,1,1,17,restarted,80,1e-07,81,0.747614427966,1,1.337587883,4.43174714428e-13,0,1,0.037937384,projector_identity,0,0,0,0,0
middle_screen2,1,128,1216,243,small,unsplit,middle_HCSCH,HCSCH,1,1,1,17,full_bound,80,1e-07,90,0.388672588011,2.96732187902,7.63450258791,2.29499436754e-08,1.34061128871e-13,1,0.05957181,lanczos,0,0,0,3,0.0326781209823
middle_screen2,1,128,1216,243,small,unsplit,middle_CHSHC,CHSHC,1,1,1,17,full_bound,80,1e-07,90,0.388671745381,2.96733352811,7.63454911084,2.30566452968e-08,6.97359752208e-14,1,0.061506358,lanczos,0,0,0,3,0.0326664718934
middle_screen2,1,128,1216,243,small,unsplit,middle_HCSCH_matched,HCSCH,0.6,1,1,17,full_bound,80,1e-07,90,0.239879547651,1.78059985248,7.42289148833,4.93972635605e-09,4.4027834849e-14,1,0.060584238,lanczos,0,0,0,1.8,0.0194001475172
middle_screen2,1,128,1216,243,small,unsplit,middle_CHSHC_matched,CHSHC,0.6,1,1,17,full_bound,80,1e-07,90,0.2398794031,1.78061019997,7.42293909754,5.02839003589e-09,6.41286299335e-14,1,0.060885344,lanczos,0,0,0,1.8,0.0193898000345
middle_screen2,1,128,1216,243,small,unsplit,hybrid_unit,H(C+S)H,1,1,1,17,restarted,80,1e-07,158,0.388543902483,2.96973395303,7.64323911417,5.56035151524e-13,1.50435150252e-13,1,0.054024405,lanczos,0,0,0,0,0
middle_screen2,1,128,1216,243,small,unsplit,hybrid_matched,H(C+S)H,0.6,1,1,17,restarted,80,1e-07,158,0.239839972093,1.78278765546,7.43323825426,7.82434081664e-13,5.28423933166e-14,1,0.055150116,lanczos,0,0,0,0,0
middle_screen2,1,128,1216,243,small,unsplit,hybrid_c05,H(C+S)H,1,1,0.5,17,restarted,80,1e-07,158,0.387912175578,2.96924702963,7.65443112273,8.41915294638e-13,6.14833748996e-14,1,0.052888975,lanczos,0,0,0,0,0
middle_screen2,1,128,1216,243,small,unsplit,hybrid_s2,H(C+S)H,2,1,1,17,restarted,80,1e-07,158,0.678195937022,5.93816338988,8.75582271394,1.66814491653e-08,7.04953686916e-14,1,0.05271556,lanczos,0,0,0,0,0
middle_screen2,1,128,1216,243,small,unsplit,hybrid_h05,H(C+S)H,1,0.5,1,17,restarted,80,1e-07,158,0.334205204751,2.97145028583,8.89109518221,1.45688344769e-10,2.36265707819e-14,1,0.054945162,lanczos,0,0,0,0,0
middle_screen2,1,128,1216,243,small,unsplit,hybrid_s2h05,H(C+S)H,2,0.5,1,17,restarted,80,1e-07,158,0.490513873602,5.94122967388,12.112256133,1.40190578519e-09,2.04291276443e-14,1,0.053850289,lanczos,0,0,0,0,0
middle_screen2,1,128,1216,243,small,unsplit,reference_SHCHS,SHCHS,0.6,1,1,17,restarted,80,1e-07,81,0.379589627397,1,2.63442393528,6.45054161462e-13,0,1,0.032387073,projector_identity,0,0,0,0,0
middle_screen2,1,128,1216,627,large,split,middle_HCSCH,HCSCH,1,1,1,17,full_bound,80,1e-07,430,0.854370253204,2.99898136279,3.51016593982,6.1167260365e-13,7.15087745628e-08,1,1.281567168,lanczos,0,0,0,3,0.00101863721073
middle_screen2,1,128,1216,627,large,split,middle_CHSHC,CHSHC,1,1,1,17,full_bound,80,1e-07,440,0.857418471029,2.99898131811,3.49768685821,3.58027054e-13,4.62878891657e-08,1,1.343212366,lanczos,0,0,0,3,0.00101868189476
middle_screen2,1,128,1216,627,large,split,middle_HCSCH_matched,HCSCH,0.4,1,1,17,full_bound,80,1e-07,370,0.638392017895,1.19959372031,1.87908633987,2.19607145891e-13,9.73647369787e-08,1,0.874061422,lanczos,0,0,0,1.2,0.000406279691871
middle_screen2,1,128,1216,627,large,split,middle_CHSHC_matched,CHSHC,0.4,1,1,17,full_bound,80,1e-07,380,0.638408555675,1.19959368216,1.87903760296,2.15172810197e-13,9.82199111602e-08,1,0.926006948,lanczos,0,0,0,1.2,0.000406317835512
middle_screen2,1,128,1216,627,large,split,hybrid_unit,H(C+S)H,1,1,1,17,restarted,80,1e-07,236,0.85592050622,3.8601570532,4.50994809115,1.43933580453e-12,9.70278887108e-10,1,0.109647929,lanczos,0,0,0,0,0
middle_screen2,1,128,1216,627,large,split,hybrid_matched,H(C+S)H,0.4,1,1,17,restarted,80,1e-07,235,0.638284505271,2.14402800739,3.35904755589,7.44184560482e-13,1.13327507465e-09,1,0.101869101,lanczos,0,0,0,0,0
middle_screen2,1,128,1216,627,large,split,hybrid_c05,H(C+S)H,1,1,0.5,17,restarted,80,1e-07,391,0.536603214731,3.3603073722,6.26218270774,6.82748402735e-08,2.19819936736e-13,1,0.163221619,lanczos,0,0,0,0,0
middle_screen2,1,128,1216,627,large,split,hybrid_s2,H(C+S)H,2,1,1,17,restarted,80,1e-07,236,0.90215643693,6.72049052624,7.44936271708,1.55445820039e-12,7.94935026807e-10,1,0.099868798,lanczos,0,0,0,0,0
middle_screen2,1,128,1216,627,large,split,hybrid_h05,H(C+S)H,1,0.5,1,17,restarted,80,1e-07,235,0.679162839107,3.86043352398,5.68410593409,1.06884569472e-12,1.89810145857e-10,1,0.098977957,lanczos,0,0,0,0,0
middle_screen2,1,128,1216,627,large,split,hybrid_s2h05,H(C+S)H,2,0.5,1,17,restarted,80,1e-07,236,0.808396421752,6.72101444484,8.31400815738,1.14924129918e-12,4.47063924173e-10,1,0.09974679,lanczos,0,0,0,0,0
middle_screen2,1,128,1216,627,large,split,reference_SHCHS,SHCHS,0.4,1,1,17,restarted,80,1e-07,81,0.74761496274,1,1.33758692621,3.2125205703e-13,0,1,0.042573088,projector_identity,0,0,0,0,0
middle_screen2,1,128,1216,627,small,split,middle_HCSCH,HCSCH,1,1,1,17,full_bound,80,1e-07,80,0.531347170281,2.10496515137,3.96156273921,2.14839937111e-11,1.39774134037e-09,1,0.056155823,lanczos,0,0,0,3,0.89503484863
middle_screen2,1,128,1216,627,small,split,middle_CHSHC,CHSHC,1,1,1,17,full_bound,80,1e-07,70,0.53135278653,2.10536697832,3.96227710043,9.98536496738e-09,5.0489799481e-09,1,0.047369984,lanczos,0,0,0,3,0.894633021682
middle_screen2,1,128,1216,627,small,split,middle_HCSCH_matched,HCSCH,0.6,1,1,17,full_bound,80,1e-07,80,0.378580793851,1.43684227367,3.79533853014,2.4732793935e-10,2.13420193082e-09,1,0.055335724,lanczos,0,0,0,1.8,0.363157726327
middle_screen2,1,128,1216,627,small,split,middle_CHSHC_matched,CHSHC,0.6,1,1,17,full_bound,80,1e-07,70,0.378582858108,1.43708362087,3.79595533735,2.94018391814e-08,5.89488413469e-09,1,0.048193769,lanczos,0,0,0,1.8,0.362916379134
middle_screen2,1,128,1216,627,small,split,hybrid_unit,H(C+S)H,1,1,1,17,restarted,80,1e-07,81,0.531206005908,2.10861138484,3.96947956422,3.04259287843e-11,2.81919868095e-12,1,0.031074582,lanczos,0,0,0,0,0
middle_screen2,1,128,1216,627,small,split,hybrid_matched,H(C+S)H,0.6,1,1,17,restarted,80,1e-07,81,0.378532939517,1.4397981921,3.80362721918,4.00932224454e-10,2.29322723221e-12,1,0.030558454,lanczos,0,0,0,0,0
middle_screen2,1,128,1216,627,small,split,hybrid_c05,H(C+S)H,1,1,0.5,17,restarted,80,1e-07,1223,0.500005496122,2.10741141238,4.21477649491,5.89100662051e-08,1.03324116607e-13,1,0.457222943,lanczos,0,0,0,0,0
middle_screen2,1,128,1216,627,small,split,hybrid_s2,H(C+S)H,2,1,1,17,restarted,80,1e-07,158,0.737018922905,3.90314294752,5.29585174304,5.11461408825e-13,3.16037017953e-14,1,0.059698677,lanczos,0,0,0,0,0
middle_screen2,1,128,1216,627,small,split,hybrid_h05,H(C+S)H,1,0.5,1,17,restarted,80,1e-07,158,0.379937804943,2.50657042155,6.59731774239,7.68280531946e-13,9.37729812732e-14,1,0.058758394,lanczos,0,0,0,0,0
middle_screen2,1,128,1216,627,small,split,hybrid_s2h05,H(C+S)H,2,0.5,1,17,restarted,80,1e-07,158,0.509084185116,4.77769041332,9.38487297976,2.4685703719e-11,5.54339677247e-14,1,0.057752948,lanczos,0,0,0,0,0
middle_screen2,1,128,1216,627,small,split,reference_SHCHS,SHCHS,0.6,1,1,17,restarted,80,1e-07,81,0.422156627431,1,2.36878905842,5.98405920146e-13,0,1,0.03646955,projector_identity,0,0,0,0,0
middle_screen2,2,512,4736,867,large,unsplit,middle_HCSCH,HCSCH,1,1,1,17,full_bound,80,1e-07,600,0.789309123223,2.99999873598,3.8007906506,9.06842271227e-13,1.79422957138e-05,0,9.024789905,lanczos,0,0,0,3,1.26402035416e-06
middle_screen2,2,512,4736,867,large,unsplit,middle_CHSHC,CHSHC,1,1,1,17,full_bound,80,1e-07,600,0.789382368153,2.99999873521,3.80043798322,1.00502377737e-12,1.74868833571e-05,0,9.24162482,lanczos,0,0,0,3,1.264788005e-06
middle_screen2,2,512,4736,867,large,unsplit,middle_HCSCH_matched,HCSCH,0.4,1,1,17,full_bound,80,1e-07,600,0.59724026681,1.19999972532,2.00924115805,9.27665718221e-13,4.89161636697e-06,0,7.677938214,lanczos,0,0,0,1.2,2.74679344159e-07
middle_screen2,2,512,4736,867,large,unsplit,middle_CHSHC_matched,CHSHC,0.4,1,1,17,full_bound,80,1e-07,600,0.597242149627,1.1999997251,2.00923482351,9.1370964363e-13,4.81668410641e-06,0,7.846185779,lanczos,0,0,0,1.2,2.74898457997e-07
middle_screen2,2,512,4736,867,large,unsplit,hybrid_unit,H(C+S)H,1,1,1,17,restarted,80,1e-07,237,0.789297534346,3.85964151912,4.8899703232,8.06082469562e-12,4.85851858014e-08,1,0.497226251,lanczos,0,0,0,0,0
middle_screen2,2,512,4736,867,large,unsplit,hybrid_matched,H(C+S)H,0.4,1,1,17,restarted,80,1e-07,236,0.597234461813,2.14384675009,3.58962331743,4.81066283424e-12,6.40669787128e-08,1,0.499820926,lanczos,0,0,0,0,0
middle_screen2,2,512,4736,867,large,unsplit,hybrid_c05,H(C+S)H,1,1,0.5,17,restarted,80,1e-07,1156,0.511503095438,3.35968942004,6.56826801246,1.67780048494e-08,6.04865025704e-13,1,2.864807958,lanczos,0,0,0,0,0
middle_screen2,2,512,4736,867,large,unsplit,hybrid_s2,H(C+S)H,2,1,1,17,restarted,80,1e-07,391,0.835506607,6.71933669098,8.04223046794,9.74400036548e-09,6.392859719e-13,1,0.961849642,lanczos,0,0,0,0,0
middle_screen2,2,512,4736,867,large,unsplit,hybrid_h05,H(C+S)H,1,0.5,1,17,restarted,80,1e-07,236,0.523476965012,3.85970895121,7.37321641483,4.08783645175e-12,2.06231442299e-08,1,0.590446178,lanczos,0,0,0,0,0
middle_screen2,2,512,4736,867,large,unsplit,hybrid_s2h05,H(C+S)H,2,0.5,1,17,restarted,80,1e-07,314,0.596016343011,6.71946549981,11.2739618277,5.47359009576e-12,4.91158085779e-09,1,0.850703904,lanczos,0,0,0,0,0
middle_screen2,2,512,4736,867,large,unsplit,reference_SHCHS,SHCHS,0.4,1,1,17,restarted,80,1e-07,81,0.701550943104,1,1.42541323596,1.85035169325e-12,0,1,0.291033036,projector_identity,0,0,0,0,0
middle_screen2,2,512,4736,867,small,unsplit,middle_HCSCH,HCSCH,1,1,1,17,full_bound,80,1e-07,160,0.359064566113,2.97219719127,8.27761208368,3.82618210394e-08,2.65122393529e-13,1,0.92207832,lanczos,0,0,0,3,0.0278028087256
middle_screen2,2,512,4736,867,small,unsplit,middle_CHSHC,CHSHC,1,1,1,17,full_bound,80,1e-07,160,0.359062976393,2.97220045312,8.27765781641,3.82569360554e-08,1.43350667533e-13,1,0.848636386,lanczos,0,0,0,3,0.02779954688
middle_screen2,2,512,4736,867,small,unsplit,middle_HCSCH_matched,HCSCH,0.6,1,1,17,full_bound,80,1e-07,160,0.220980905906,1.78352396392,8.07094149879,2.06764917647e-08,1.28063662158e-13,1,0.91820774,lanczos,0,0,0,1.8,0.0164760360797
middle_screen2,2,512,4736,867,small,unsplit,middle_CHSHC_matched,CHSHC,0.6,1,1,17,full_bound,80,1e-07,160,0.220980452955,1.78352678322,8.07097080025,2.06812881775e-08,8.64025021694e-14,1,0.87570795,lanczos,0,0,0,1.8,0.0164732167763
middle_screen2,2,512,4736,867,small,unsplit,hybrid_unit,H(C+S)H,1,1,1,17,restarted,80,1e-07,235,0.359038058407,2.972807295,8.27992249122,6.38741189097e-10,2.58264974697e-13,1,0.881037547,lanczos,0,0,0,0,0
middle_screen2,2,512,4736,867,small,unsplit,hybrid_matched,H(C+S)H,0.6,1,1,17,restarted,80,1e-07,235,0.220972655615,1.78407671724,8.07374429325,3.35887829314e-12,2.86394137737e-13,1,0.766030265,lanczos,0,0,0,0,0
middle_screen2,2,512,4736,867,small,unsplit,hybrid_c05,H(C+S)H,1,1,0.5,17,restarted,80,1e-07,235,0.358936111767,2.97268383064,8.28193021873,7.19283880959e-10,1.89890932551e-13,1,0.639071878,lanczos,0,0,0,0,0
middle_screen2,2,512,4736,867,small,unsplit,hybrid_s2,H(C+S)H,2,1,1,17,restarted,80,1e-07,311,0.628575293609,5.94504229397,9.45796367502,3.29440711675e-09,2.19984261839e-13,1,0.826587953,lanczos,0,0,0,0,0
middle_screen2,2,512,4736,867,small,unsplit,hybrid_h05,H(C+S)H,1,0.5,1,17,restarted,80,1e-07,311,0.309422944005,2.97453222849,9.61315987104,2.05294130924e-09,4.36361382437e-13,1,0.763535045,lanczos,0,0,0,0,0
middle_screen2,2,512,4736,867,small,unsplit,hybrid_s2h05,H(C+S)H,2,0.5,1,17,restarted,80,1e-07,311,0.434987852522,5.94812196016,13.6742254426,1.10554969179e-08,1.50570918665e-13,1,0.834005936,lanczos,0,0,0,0,0
middle_screen2,2,512,4736,867,small,unsplit,reference_SHCHS,SHCHS,0.6,1,1,17,restarted,80,1e-07,121,0.355174066802,1,2.81552087686,3.84850389743e-12,0,1,0.365842645,projector_identity,0,0,0,0,0
middle_screen2,2,512,4736,2403,large,split,middle_HCSCH,HCSCH,1,1,1,17,full_bound,80,1e-07,600,0.789309121878,2.99974704005,3.80047177577,8.39534288474e-13,4.45112037108e-05,0,10.048140543,lanczos,0,0,0,3,0.000252959946378
middle_screen2,2,512,4736,2403,large,split,middle_CHSHC,CHSHC,1,1,1,17,full_bound,80,1e-07,600,0.789382347042,2.99974703741,3.80011923074,1.12990697257e-12,4.19906915442e-05,0,7.829581453,lanczos,0,0,0,3,0.000252962593804
middle_screen2,2,512,4736,2403,large,split,middle_HCSCH_matched,HCSCH,0.4,1,1,17,full_bound,80,1e-07,600,0.597240267554,1.19990210606,2.00907770498,7.20139579266e-13,1.3052709487e-05,0,7.965099161,lanczos,0,0,0,1.2,9.78939421754e-05
middle_screen2,2,512,4736,2403,large,split,middle_CHSHC_matched,CHSHC,0.4,1,1,17,full_bound,80,1e-07,600,0.59724215021,1.19990210387,2.00907136821,5.59516990736e-13,1.2730360199e-05,0,8.589300787,lanczos,0,0,0,1.2,9.78961252505e-05
middle_screen2,2,512,4736,2403,large,split,hybrid_unit,H(C+S)H,1,1,1,17,restarted,80,1e-07,236,0.789297520331,3.85963645728,4.88996399692,5.9623600904e-12,9.04078838154e-09,1,0.569118552,lanczos,0,0,0,0,0
middle_screen2,2,512,4736,2403,large,split,hybrid_matched,H(C+S)H,0.4,1,1,17,restarted,80,1e-07,236,0.597234463042,2.14384357301,3.58961799038,3.57629164399e-12,6.2363411282e-08,1,0.62490414,lanczos,0,0,0,0,0
middle_screen2,2,512,4736,2403,large,split,hybrid_c05,H(C+S)H,1,1,0.5,17,restarted,80,1e-07,1079,0.511506398097,3.35968593397,6.56821878763,1.91975693028e-08,7.13595755943e-13,1,2.545471763,lanczos,0,0,0,0,0
middle_screen2,2,512,4736,2403,large,split,hybrid_s2,H(C+S)H,2,1,1,17,restarted,80,1e-07,391,0.835506599175,6.71932951837,8.04222195852,4.2809797124e-08,9.0070302814e-13,1,0.901929277,lanczos,0,0,0,0,0
middle_screen2,2,512,4736,2403,large,split,hybrid_h05,H(C+S)H,1,0.5,1,17,restarted,80,1e-07,236,0.523477015251,3.85970536415,7.37320885483,1.34219081645e-11,2.81957199249e-08,1,0.538219698,lanczos,0,0,0,0,0
middle_screen2,2,512,4736,2403,large,split,hybrid_s2h05,H(C+S)H,2,0.5,1,17,restarted,80,1e-07,314,0.596016393115,6.7194595637,11.2739509204,6.64244863456e-12,7.60450677328e-09,1,0.847682519,lanczos,0,0,0,0,0
middle_screen2,2,512,4736,2403,large,split,reference_SHCHS,SHCHS,0.4,1,1,17,restarted,80,1e-07,81,0.701550977787,1,1.42541316549,7.56812437973e-12,0,1,0.231637809,projector_identity,0,0,0,0,0
middle_screen2,2,512,4736,2403,small,split,middle_HCSCH,HCSCH,1,1,1,17,full_bound,80,1e-07,120,0.500341699491,2.10779001031,4.212701065,4.50556263623e-08,5.76815242398e-13,1,0.499507573,lanczos,0,0,0,3,0.892209989689
middle_screen2,2,512,4736,2403,small,split,middle_CHSHC,CHSHC,1,1,1,17,full_bound,80,1e-07,120,0.500340560945,2.10789122268,4.21291293814,4.50049345832e-08,3.2871859407e-13,1,0.484728224,lanczos,0,0,0,3,0.892108777315
middle_screen2,2,512,4736,2403,small,split,middle_HCSCH_matched,HCSCH,0.6,1,1,17,full_bound,80,1e-07,120,0.357066185572,1.43853598329,4.02876565021,7.5097539836e-08,3.93994285777e-13,1,0.487906381,lanczos,0,0,0,1.8,0.361464016713
middle_screen2,2,512,4736,2403,small,split,middle_CHSHC_matched,CHSHC,0.6,1,1,17,full_bound,80,1e-07,120,0.357065909894,1.43859678392,4.02893903913,7.51597352122e-08,2.53036778909e-13,1,0.513855002,lanczos,0,0,0,1.8,0.361403216084
middle_screen2,2,512,4736,2403,small,split,hybrid_unit,H(C+S)H,1,1,1,17,restarted,80,1e-07,158,0.500317519334,2.10870892834,4.21474133295,3.07054853826e-08,2.25900100664e-13,1,0.306562092,lanczos,0,0,0,0,0
middle_screen2,2,512,4736,2403,small,split,hybrid_matched,H(C+S)H,0.6,1,1,17,restarted,80,1e-07,158,0.357058307647,1.43928079703,4.03094051085,6.93129851715e-08,2.44031780995e-13,1,0.297688656,lanczos,0,0,0,0,0
middle_screen2,2,512,4736,2403,small,split,hybrid_c05,H(C+S)H,1,1,0.5,17,restarted,80,1e-07,387,0.496887634506,2.10840596965,4.24322487267,5.68249025189e-10,1.42521523231e-13,1,0.729021215,lanczos,0,0,0,0,0
middle_screen2,2,512,4736,2403,small,split,hybrid_s2,H(C+S)H,2,1,1,17,restarted,80,1e-07,236,0.689635683439,3.90858004161,5.66760122116,7.70923535817e-13,1.84457282769e-13,1,0.44592139,lanczos,0,0,0,0,0
middle_screen2,2,512,4736,2403,small,split,hybrid_h05,H(C+S)H,1,0.5,1,17,restarted,80,1e-07,235,0.351657418176,2.50810625517,7.13224327295,3.06174435028e-09,1.91063390609e-13,1,0.458412477,lanczos,0,0,0,0,0
middle_screen2,2,512,4736,2403,small,split,hybrid_s2h05,H(C+S)H,2,0.5,1,17,restarted,80,1e-07,235,0.44711228316,4.78152114002,10.6942289893,1.96448734755e-08,1.30937914115e-13,1,0.454442537,lanczos,0,0,0,0,0
middle_screen2,2,512,4736,2403,small,split,reference_SHCHS,SHCHS,0.6,1,1,17,restarted,80,1e-07,81,0.395347780369,1,2.52941852631,4.61269611768e-08,0,1,0.176724293,projector_identity,0,0,0,0,0
middle_screen2,3,2048,18688,3267,large,unsplit,middle_HCSCH,HCSCH,1,1,1,17,full_bound,80,1e-07,600,0.761648494261,2.99999903044,3.93882355581,5.57015292372e-12,1.12081276909e-05,0,25.901901217,lanczos,0,0,0,3,9.69558544117e-07
middle_screen2,3,2048,18688,3267,large,unsplit,middle_CHSHC,CHSHC,1,1,1,17,full_bound,80,1e-07,600,0.761650910953,2.99999903023,3.93881105778,3.71356222394e-12,1.13298364947e-05,0,25.283117912,lanczos,0,0,0,3,9.69767333547e-07
middle_screen2,3,2048,18688,3267,large,unsplit,middle_HCSCH_matched,HCSCH,0.4,1,1,17,full_bound,80,1e-07,600,0.587333004846,1.19999972979,2.04313348627,1.36970064086e-12,9.81202960072e-06,0,30.286366316,lanczos,0,0,0,1.2,2.70208668773e-07
middle_screen2,3,2048,18688,3267,large,unsplit,middle_CHSHC_matched,CHSHC,0.4,1,1,17,full_bound,80,1e-07,600,0.5873333529,1.19999972937,2.0431322748,1.19092637705e-12,1.00256352419e-05,0,28.386209178,lanczos,0,0,0,1.2,2.70625802212e-07
middle_screen2,3,2048,18688,3267,large,unsplit,hybrid_unit,H(C+S)H,1,1,1,17,restarted,80,1e-07,548,0.761648117105,3.8597026594,5.06756673157,1.2081663544e-09,1.7580671899e-09,1,7.554141322,lanczos,0,0,0,0,0
middle_screen2,3,2048,18688,3267,large,unsplit,hybrid_matched,H(C+S)H,0.4,1,1,17,restarted,80,1e-07,314,0.58733240673,2.14387845435,3.65019608961,5.63610711615e-09,6.66781388144e-10,1,4.309082186,lanczos,0,0,0,0,0
middle_screen2,3,2048,18688,3267,large,unsplit,hybrid_c05,H(C+S)H,1,1,0.5,17,restarted,80,1e-07,2151,0.504060564903,3.35971566478,6.66530155047,3.18952802541e-08,2.76929421047e-12,1,29.018506984,lanczos,0,0,0,0,0
middle_screen2,3,2048,18688,3267,large,unsplit,hybrid_s2,H(C+S)H,2,1,1,17,restarted,80,1e-07,470,0.77420048016,6.71941912635,8.67917199555,1.08582374549e-10,3.27804445054e-09,1,6.447280765,lanczos,0,0,0,0,0
middle_screen2,3,2048,18688,3267,large,unsplit,hybrid_h05,H(C+S)H,1,0.5,1,17,restarted,80,1e-07,391,0.462310861354,3.85972165671,8.34875833418,1.85186388918e-11,8.05245355117e-11,1,5.346147438,lanczos,0,0,0,0,0
middle_screen2,3,2048,18688,3267,large,unsplit,hybrid_s2h05,H(C+S)H,2,0.5,1,17,restarted,80,1e-07,392,0.486388875136,6.71945560566,13.8149862161,1.87072386756e-11,3.40690439134e-08,1,5.303057428,lanczos,0,0,0,0,0
middle_screen2,3,2048,18688,3267,large,unsplit,reference_SHCHS,SHCHS,0.4,1,1,17,restarted,80,1e-07,121,0.691471219645,1,1.44619178874,3.31213993349e-11,0,1,2.085911299,projector_identity,0,0,0,0,0
middle_screen2,3,2048,18688,3267,small,unsplit,middle_HCSCH,HCSCH,1,1,1,17,full_bound,80,1e-07,180,0.351491215251,2.97342197037,8.45944888906,8.22863854457e-08,2.54322028782e-12,1,4.879755057,lanczos,0,0,0,3,0.0265780296283
middle_screen2,3,2048,18688,3267,small,unsplit,middle_CHSHC,CHSHC,1,1,1,17,full_bound,80,1e-07,180,0.351490757478,2.97342281448,8.45946230795,8.21922652468e-08,9.88839981445e-13,1,4.96408343,lanczos,0,0,0,3,0.0265771855228
middle_screen2,3,2048,18688,3267,small,unsplit,middle_HCSCH_matched,HCSCH,0.6,1,1,17,full_bound,80,1e-07,320,0.216042137183,1.78425862451,8.25884546308,1.98857842252e-08,9.54794951231e-13,1,10.261773494,lanczos,0,0,0,1.8,0.0157413754937
middle_screen2,3,2048,18688,3267,small,unsplit,middle_CHSHC_matched,CHSHC,0.6,1,1,17,full_bound,80,1e-07,320,0.216042006928,1.78425934605,8.25885378231,1.9878534128e-08,4.54450863849e-13,1,10.283792891,lanczos,0,0,0,1.8,0.0157406539477
middle_screen2,3,2048,18688,3267,small,unsplit,hybrid_unit,H(C+S)H,1,1,1,17,restarted,80,1e-07,463,0.351484914066,2.97357502749,8.46003600295,3.61945856407e-09,1.26035065198e-12,1,5.580334026,lanczos,0,0,0,0,0
middle_screen2,3,2048,18688,3267,small,unsplit,hybrid_matched,H(C+S)H,0.6,1,1,17,restarted,80,1e-07,463,0.216040193654,1.78439725924,8.2595614689,6.21458051377e-09,1.65592997188e-12,1,5.637990665,lanczos,0,0,0,0,0
middle_screen2,3,2048,18688,3267,small,unsplit,hybrid_c05,H(C+S)H,1,1,0.5,17,restarted,80,1e-07,463,0.351462063626,2.97354401987,8.46049781074,3.50769577551e-09,6.51255443331e-13,1,5.476266733,lanczos,0,0,0,0,0
middle_screen2,3,2048,18688,3267,small,unsplit,hybrid_s2,H(C+S)H,2,1,1,17,restarted,80,1e-07,539,0.616365117032,5.9467628049,9.64811706661,2.44666386877e-08,6.84542050304e-13,1,6.502968971,lanczos,0,0,0,0,0
middle_screen2,3,2048,18688,3267,small,unsplit,hybrid_h05,H(C+S)H,1,0.5,1,17,restarted,80,1e-07,311,0.303524238128,2.97530314784,9.80252241532,2.3949892329e-08,1.7229304419e-12,1,3.814357414,lanczos,0,0,0,0,0
middle_screen2,3,2048,18688,3267,small,unsplit,hybrid_s2h05,H(C+S)H,2,0.5,1,17,restarted,80,1e-07,615,0.422430914191,5.94984728542,14.0847818792,1.15450525294e-08,8.27891660937e-13,1,7.374258338,lanczos,0,0,0,0,0
middle_screen2,3,2048,18688,3267,small,unsplit,reference_SHCHS,SHCHS,0.6,1,1,17,restarted,80,1e-07,121,0.348947877821,1,2.86575750581,2.19043483772e-09,0,1,1.758994164,projector_identity,0,0,0,0,0
middle_screen2,3,2048,18688,9411,large,split,middle_HCSCH,HCSCH,1,1,1,17,full_bound,80,1e-07,600,0.761648490075,2.99993271916,3.93873651461,2.69254731465e-12,4.2864684987e-05,0,29.445641216,lanczos,0,0,0,3,6.72808415332e-05
middle_screen2,3,2048,18688,9411,large,split,middle_CHSHC,CHSHC,1,1,1,17,full_bound,80,1e-07,600,0.761650906566,2.99993272009,3.9387240194,2.30957708869e-12,4.2819448154e-05,0,29.71008593,lanczos,0,0,0,3,6.72799106245e-05
middle_screen2,3,2048,18688,9411,large,split,middle_HCSCH_matched,HCSCH,0.4,1,1,17,full_bound,80,1e-07,600,0.587333004872,1.19997422637,2.04309006376,2.19365449245e-12,2.46962297099e-05,0,29.404036237,lanczos,0,0,0,1.2,2.57736271836e-05
middle_screen2,3,2048,18688,9411,large,split,middle_CHSHC_matched,CHSHC,0.4,1,1,17,full_bound,80,1e-07,600,0.587333352926,1.19997422542,2.0430888514,3.91018675066e-12,2.50156526133e-05,0,25.599775837,lanczos,0,0,0,1.2,2.57745804273e-05
middle_screen2,3,2048,18688,9411,large,split,hybrid_unit,H(C+S)H,1,1,1,17,restarted,80,1e-07,470,0.761648112839,3.85970139576,5.06756510086,7.19769100925e-10,1.04060652102e-08,1,5.912771742,lanczos,0,0,0,0,0
middle_screen2,3,2048,18688,9411,large,split,hybrid_matched,H(C+S)H,0.4,1,1,17,restarted,80,1e-07,314,0.587332406766,2.14387766032,3.65019473746,5.31653831458e-09,6.56724351698e-10,1,3.909268271,lanczos,0,0,0,0,0
middle_screen2,3,2048,18688,9411,large,split,hybrid_c05,H(C+S)H,1,1,0.5,17,restarted,80,1e-07,1999,0.504061417235,3.35971479575,6.66528855585,9.63020727225e-08,4.21367733835e-12,1,25.172457531,lanczos,0,0,0,0,0
middle_screen2,3,2048,18688,9411,large,split,hybrid_s2,H(C+S)H,2,1,1,17,restarted,80,1e-07,470,0.774200476059,6.71941733929,8.67916973326,1.40360153857e-10,3.76613039431e-09,1,5.953247589,lanczos,0,0,0,0,0
middle_screen2,3,2048,18688,9411,large,split,hybrid_h05,H(C+S)H,1,0.5,1,17,restarted,80,1e-07,391,0.462310871309,3.8597207611,8.34875621717,4.76662560362e-11,7.24437646126e-11,1,4.808318721,lanczos,0,0,0,0,0
middle_screen2,3,2048,18688,9411,large,split,hybrid_s2h05,H(C+S)H,2,0.5,1,17,restarted,80,1e-07,392,0.486388882404,6.71945412477,13.814982965,2.63653561445e-11,2.96738329232e-08,1,4.990354554,lanczos,0,0,0,0,0
middle_screen2,3,2048,18688,9411,large,split,reference_SHCHS,SHCHS,0.4,1,1,17,restarted,80,1e-07,121,0.691471221516,1,1.44619178483,2.92712011831e-11,0,1,1.882919128,projector_identity,0,0,0,0,0
middle_screen2,3,2048,18688,9411,small,split,middle_HCSCH,HCSCH,1,1,1,17,full_bound,80,1e-07,140,0.492447018666,2.10849862075,4.28167608052,4.40808811952e-08,6.98249694396e-13,1,3.245165716,lanczos,0,0,0,3,0.891501379254
middle_screen2,3,2048,18688,9411,small,split,middle_CHSHC,CHSHC,1,1,1,17,full_bound,80,1e-07,140,0.492446610829,2.10852398513,4.28173113341,4.40774610904e-08,1.80939811469e-12,1,3.249898703,lanczos,0,0,0,3,0.891476014871
middle_screen2,3,2048,18688,9411,small,split,middle_HCSCH_matched,HCSCH,0.6,1,1,17,full_bound,80,1e-07,140,0.35142391407,1.43896094051,4.09465856734,2.86300287967e-08,1.76773678414e-12,1,3.510939337,lanczos,0,0,0,1.8,0.361039059485
middle_screen2,3,2048,18688,9411,small,split,middle_CHSHC_matched,CHSHC,0.6,1,1,17,full_bound,80,1e-07,140,0.351423810438,1.43897617052,4.09470311283,2.86351009301e-08,1.50004035882e-12,1,3.609730645,lanczos,0,0,0,1.8,0.361023829479
middle_screen2,3,2048,18688,9411,small,split,hybrid_unit,H(C+S)H,1,1,1,17,restarted,80,1e-07,236,0.492441616944,2.10872891593,4.28219070722,1.10851777231e-08,8.8206660149e-13,1,2.642998946,lanczos,0,0,0,0,0
middle_screen2,3,2048,18688,9411,small,split,hybrid_matched,H(C+S)H,0.6,1,1,17,restarted,80,1e-07,313,0.351422221522,1.4391475921,4.09520942037,5.13517923433e-08,6.36310882957e-13,1,3.487013531,lanczos,0,0,0,0,0
middle_screen2,3,2048,18688,9411,small,split,hybrid_c05,H(C+S)H,1,1,0.5,17,restarted,80,1e-07,236,0.492085287675,2.10865293549,4.28513712623,5.39069216793e-09,7.9926574886e-13,1,2.755039339,lanczos,0,0,0,0,0
middle_screen2,3,2048,18688,9411,small,split,hybrid_s2,H(C+S)H,2,1,1,17,restarted,80,1e-07,464,0.67768054653,3.90994341667,5.76959665833,3.59759223584e-09,5.93741073525e-13,1,4.591413944,lanczos,0,0,0,0,0
middle_screen2,3,2048,18688,9411,small,split,hybrid_h05,H(C+S)H,1,0.5,1,17,restarted,80,1e-07,311,0.344916405937,2.50848889408,7.27274449955,1.17324879716e-09,1.48281647363e-12,1,3.049456284,lanczos,0,0,0,0,0
middle_screen2,3,2048,18688,9411,small,split,hybrid_s2h05,H(C+S)H,2,0.5,1,17,restarted,80,1e-07,463,0.432739180354,4.78247711228,11.0516387917,1.35392901091e-08,1.92167677227e-13,1,4.489207664,lanczos,0,0,0,0,0
middle_screen2,3,2048,18688,9411,small,split,reference_SHCHS,SHCHS,0.6,1,1,17,restarted,80,1e-07,161,0.388541721972,1,2.57372617521,4.01116033226e-08,0,1,1.819818932,projector_identity,0,0,0,0,0
middle_refine,2,512,4736,867,large,unsplit,refine_middle,HCSCH,0.25,1,1,17,full_bound,80,1e-07,80,0.386037021185,0.99999890369,2.59042228805,1.3587410774e-08,6.57354408767e-05,1,0.252073417,lanczos_bracket,0,0,0,1,1.09631007073e-06
middle_refine,2,512,4736,867,large,unsplit,refine_middle,CHSHC,0.25,1,1,17,full_bound,80,1e-07,80,0.386037525926,0.999999069118,2.59041932962,1.35716668068e-08,6.5618398227e-05,1,0.253182181,lanczos_bracket,0,0,0,1,9.30881676187e-07
middle_refine,2,512,4736,867,large,unsplit,refine_hybrid,H(C+S)H,0.25,1,0.25,17,restarted,80,1e-07,2400,nan,nan,nan,nan,nan,0,3.938195753,lanczos,0,0,0,0,0
middle_refine,2,512,4736,867,large,unsplit,refine_hybrid,H(C+S)H,0.25,1,0.4,17,restarted,80,1e-07,236,0.386016314983,1.1149390874,2.88832115153,5.63905063312e-12,1.12733439743e-09,1,0.384251323,lanczos,0,0,0,0,0
middle_refine,2,512,4736,867,large,unsplit,refine_hybrid,H(C+S)H,0.25,1,0.5,17,restarted,80,1e-07,236,0.386026246054,1.21493191368,3.14727800531,2.96266068136e-12,5.90430730635e-09,1,0.376486062,lanczos,0,0,0,0,0
middle_refine,2,512,4736,867,large,unsplit,refine_hybrid,H(C+S)H,0.25,1,0.6,17,restarted,80,1e-07,236,0.386029292219,1.31492536582,3.40628390728,3.53257739911e-12,3.13674370628e-08,1,0.376434786,lanczos,0,0,0,0,0
middle_refine,2,512,4736,867,large,unsplit,refine_hybrid,H(C+S)H,0.25,1,0.75,17,restarted,80,1e-07,313,0.386031526541,1.46491609071,3.794809465,7.29902211353e-12,5.45916002615e-10,1,0.513101021,lanczos,0,0,0,0,0
middle_refine,2,512,4736,867,large,unsplit,refine_hybrid,H(C+S)H,0.25,1,1,17,restarted,80,1e-07,391,0.38603336565,1.7149014024,4.44236575124,6.61793590796e-12,1.9772052331e-09,1,0.696417835,lanczos,0,0,0,0,0
middle_refine,2,512,4736,867,large,unsplit,refine_middle,HCSCH,0.333333333333,1,1,17,full_bound,80,1e-07,60,0.507253399957,0.999989743985,1.97138105741,1.059621716e-08,0.000141509450726,1,0.186148277,lanczos_bracket,0,0,0,1,1.02560152914e-05
middle_refine,2,512,4736,867,large,unsplit,refine_middle,CHSHC,0.333333333333,1,1,17,full_bound,80,1e-07,60,0.507254496811,0.999988101466,1.97137355657,1.0853010479e-08,0.00020011924319,1,0.191878592,lanczos_bracket,0,0,0,1,1.18985340312e-05
middle_refine,2,512,4736,867,large,unsplit,refine_hybrid,H(C+S)H,0.333333333333,1,0.25,17,restarted,80,1e-07,775,0.257948895139,1.20325339762,4.66469684613,5.03536872114e-08,9.12950387612e-13,1,1.328475791,lanczos,0,0,0,0,0
middle_refine,2,512,4736,867,large,unsplit,refine_hybrid,H(C+S)H,0.333333333333,1,0.4,17,restarted,80,1e-07,775,0.40705209833,1.35324141051,3.32449191655,5.61976608186e-09,1.04866544271e-12,1,1.272162815,lanczos,0,0,0,0,0
middle_refine,2,512,4736,867,large,unsplit,refine_hybrid,H(C+S)H,0.333333333333,1,0.5,17,restarted,80,1e-07,927,0.506403287173,1.45323457698,2.86971789833,9.0937984406e-09,1.57112936897e-12,1,1.887986467,lanczos,0,0,0,0,0
middle_refine,2,512,4736,867,large,unsplit,refine_hybrid,H(C+S)H,0.333333333333,1,0.6,17,restarted,80,1e-07,236,0.507238782182,1.55322813593,3.06212417206,4.28879274731e-12,3.39147073519e-09,1,0.579422806,lanczos,0,0,0,0,0
middle_refine,2,512,4736,867,large,unsplit,refine_hybrid,H(C+S)H,0.333333333333,1,0.75,17,restarted,80,1e-07,236,0.50724450115,1.70321889775,3.35778681462,5.55762292766e-12,2.18240891113e-08,1,0.584302141,lanczos,0,0,0,0,0
middle_refine,2,512,4736,867,large,unsplit,refine_hybrid,H(C+S)H,0.333333333333,1,1,17,restarted,80,1e-07,313,0.507248039708,1.95320415809,3.85058985978,2.76423360251e-12,7.13274478776e-10,1,0.76822832,lanczos,0,0,0,0,0
middle_refine,2,512,4736,867,large,unsplit,refine_middle,HCSCH,0.4,1,1,17,full_bound,80,1e-07,70,0.59724026681,1.19998772464,2.00922106449,8.76332912167e-09,0.000150573384313,1,0.303278579,lanczos_bracket,0,0,0,1.2,1.22753602594e-05
middle_refine,2,512,4736,867,large,unsplit,refine_middle,CHSHC,0.4,1,1,17,full_bound,80,1e-07,70,0.597242149627,1.19998765076,2.00921460669,8.72598430745e-09,0.000151320721345,1,0.303830967,lanczos_bracket,0,0,0,1.2,1.23492382591e-05
middle_refine,2,512,4736,867,large,unsplit,refine_hybrid,H(C+S)H,0.4,1,0.25,17,restarted,80,1e-07,775,0.258819208129,1.39389780987,5.38560418275,2.97546225997e-08,9.81253496857e-13,1,1.962200452,lanczos,0,0,0,0,0
middle_refine,2,512,4736,867,large,unsplit,refine_hybrid,H(C+S)H,0.4,1,0.4,17,restarted,80,1e-07,927,0.407858300774,1.54388490392,3.78534628569,1.29941473708e-08,1.01039788198e-12,1,2.249244726,lanczos,0,0,0,0,0
middle_refine,2,512,4736,867,large,unsplit,refine_hybrid,H(C+S)H,0.4,1,0.5,17,restarted,80,1e-07,1156,0.50716368802,1.64387777899,3.24131600473,4.86143611449e-08,1.73630456701e-12,1,2.868428014,lanczos,0,0,0,0,0
middle_refine,2,512,4736,867,large,unsplit,refine_hybrid,H(C+S)H,0.4,1,0.6,17,restarted,80,1e-07,236,0.597209841093,1.74387114516,2.9200308253,2.61804590568e-12,1.25036091919e-09,1,0.571529545,lanczos,0,0,0,0,0
middle_refine,2,512,4736,867,large,unsplit,refine_hybrid,H(C+S)H,0.4,1,0.75,17,restarted,80,1e-07,236,0.597228799152,1.89386170987,3.17108235999,7.47460448696e-12,6.09306764816e-09,1,0.574668627,lanczos,0,0,0,0,0
middle_refine,2,512,4736,867,large,unsplit,refine_hybrid,H(C+S)H,0.4,1,1,17,restarted,80,1e-07,236,0.597234461813,2.14384675009,3.58962331743,4.81066283424e-12,6.40669787128e-08,1,0.593320378,lanczos,0,0,0,0,0
middle_refine,2,512,4736,867,large,unsplit,refine_middle,HCSCH,0.5,1,1,17,full_bound,80,1e-07,90,0.705519287552,1.49998784423,2.12607631101,3.74985313205e-09,0.000107525508472,1,0.401637104,lanczos_bracket,0,0,0,1.5,1.21557744732e-05
middle_refine,2,512,4736,867,large,unsplit,refine_middle,CHSHC,0.5,1,1,17,full_bound,80,1e-07,90,0.705523132041,1.49998783484,2.12606471244,3.63379420079e-09,0.000108638557806,1,0.406815,lanczos_bracket,0,0,0,1.5,1.21651562213e-05
middle_refine,2,512,4736,867,large,unsplit,refine_hybrid,H(C+S)H,0.5,1,0.25,17,restarted,80,1e-07,927,0.259961765527,1.6798671599,6.46197780854,3.83653254056e-08,1.16468980769e-12,1,2.308641219,lanczos,0,0,0,0,0
middle_refine,2,512,4736,867,large,unsplit,refine_hybrid,H(C+S)H,0.5,1,0.4,17,restarted,80,1e-07,1003,0.408899519176,1.82985167349,4.47506438056,1.63763658929e-08,7.97674539139e-13,1,2.460271061,lanczos,0,0,0,0,0
middle_refine,2,512,4736,867,large,unsplit,refine_hybrid,H(C+S)H,0.5,1,0.5,17,restarted,80,1e-07,852,0.508054936845,1.92984376585,3.79849426881,5.53438640106e-08,1.11194797036e-12,1,2.32761735,lanczos,0,0,0,0,0
middle_refine,2,512,4736,867,large,unsplit,refine_hybrid,H(C+S)H,0.5,1,0.6,17,restarted,80,1e-07,852,0.607133853185,2.02983662255,3.34330990094,1.80905476049e-08,2.55795084339e-12,1,2.359922445,lanczos,0,0,0,0,0
middle_refine,2,512,4736,867,large,unsplit,refine_hybrid,H(C+S)H,0.5,1,0.75,17,restarted,80,1e-07,237,0.705504543217,2.17982667971,3.08974151997,3.21496895757e-11,1.48633528894e-08,1,0.620761346,lanczos,0,0,0,0,0
middle_refine,2,512,4736,867,large,unsplit,refine_hybrid,H(C+S)H,0.5,1,1,17,restarted,80,1e-07,314,0.705516585178,2.42981119329,3.44401711361,2.85405174953e-12,1.54989904924e-08,1,0.693701737,lanczos,0,0,0,0,0
middle_refine,2,512,4736,867,large,unsplit,refine_middle,HCSCH,0.6,1,1,17,full_bound,80,1e-07,110,0.754215072419,1.79998780507,2.38657098073,6.966609582e-09,0.000115104093547,1,0.476816454,lanczos_bracket,0,0,0,1.8,1.21949349545e-05
middle_refine,2,512,4736,867,large,unsplit,refine_middle,CHSHC,0.6,1,1,17,full_bound,80,1e-07,110,0.754232585818,1.79998778269,2.38651553451,1.00711784955e-08,0.000115360643315,1,0.460019631,lanczos_bracket,0,0,0,1.8,1.22173127131e-05
middle_refine,2,512,4736,867,large,unsplit,refine_hybrid,H(C+S)H,0.6,1,0.25,17,restarted,80,1e-07,1156,0.26098116986,1.96583901163,7.53249367639,3.91418465381e-08,1.06381984069e-12,1,2.891790944,lanczos,0,0,0,0,0
middle_refine,2,512,4736,867,large,unsplit,refine_hybrid,H(C+S)H,0.6,1,0.4,17,restarted,80,1e-07,852,0.409743790204,2.11581989226,5.16376316821,4.82995686601e-08,7.54214458788e-13,1,2.274470037,lanczos,0,0,0,0,0
middle_refine,2,512,4736,867,large,unsplit,refine_hybrid,H(C+S)H,0.6,1,0.5,17,restarted,80,1e-07,852,0.508833330804,2.21581090852,4.35468900007,3.48712888269e-08,9.14506850102e-13,1,2.670665018,lanczos,0,0,0,0,0
middle_refine,2,512,4736,867,large,unsplit,refine_hybrid,H(C+S)H,0.6,1,0.6,17,restarted,80,1e-07,852,0.607852863305,2.31580306602,3.80980859977,9.57836982875e-08,1.47190151223e-12,1,2.632227343,lanczos,0,0,0,0,0
middle_refine,2,512,4736,867,large,unsplit,refine_hybrid,H(C+S)H,0.6,1,0.75,17,restarted,80,1e-07,391,0.752207163962,2.4657924281,3.27807623516,3.541203354e-09,1.50126683289e-12,1,1.218194768,lanczos,0,0,0,0,0
middle_refine,2,512,4736,867,large,unsplit,refine_hybrid,H(C+S)H,0.6,1,1,17,restarted,80,1e-07,314,0.75421883538,2.71577623179,3.60078017731,6.05403835936e-12,7.06888853711e-09,1,0.978404157,lanczos,0,0,0,0,0
middle_refine,2,512,4736,867,large,unsplit,refine_middle,HCSCH,0.75,1,1,17,full_bound,80,1e-07,110,0.773388137735,2.24998340813,2.90925513121,9.98418950609e-09,0.000120767854714,1,0.636800435,lanczos_bracket,0,0,0,2.25,1.65918739059e-05
middle_refine,2,512,4736,867,large,unsplit,refine_middle,CHSHC,0.75,1,1,17,full_bound,80,1e-07,100,0.773422611295,2.24998163326,2.90912316294,9.29228662129e-08,0.000106670893553,1,0.497197127,lanczos_bracket,0,0,0,2.25,1.83667367555e-05
middle_refine,2,512,4736,867,large,unsplit,refine_hybrid,H(C+S)H,0.75,1,0.25,17,restarted,80,1e-07,622,0.262254643626,2.39480146302,9.13158840547,9.71586378025e-08,6.36515462068e-13,1,1.571781613,lanczos,0,0,0,0,0
middle_refine,2,512,4736,867,large,unsplit,refine_hybrid,H(C+S)H,0.75,1,0.4,17,restarted,80,1e-07,852,0.410879854921,2.54477464471,6.1934763027,2.47956339458e-08,7.35095024561e-13,1,2.553933196,lanczos,0,0,0,0,0
middle_refine,2,512,4736,867,large,unsplit,refine_hybrid,H(C+S)H,0.75,1,0.5,17,restarted,80,1e-07,852,0.509895803082,2.64476353185,5.18687056428,9.85473495036e-08,7.73912702265e-13,1,2.659981319,lanczos,0,0,0,0,0
middle_refine,2,512,4736,867,large,unsplit,refine_hybrid,H(C+S)H,0.75,1,0.6,17,restarted,80,1e-07,1004,0.608840030549,2.7447543276,4.50816994593,9.59451706138e-08,8.67579922145e-13,1,3.017280544,lanczos,0,0,0,0,0
middle_refine,2,512,4736,867,large,unsplit,refine_hybrid,H(C+S)H,0.75,1,0.75,17,restarted,80,1e-07,314,0.753993294704,2.894742348,3.83921497491,7.8674933818e-08,4.28598874072e-10,1,1.0431929,lanczos,0,0,0,0,0
middle_refine,2,512,4736,867,large,unsplit,refine_hybrid,H(C+S)H,0.75,1,1,17,restarted,80,1e-07,237,0.773388163846,3.14472479631,4.06616618061,2.00454532469e-10,8.03784575695e-08,1,0.88802206,lanczos,0,0,0,0,0
middle_refine,2,512,4736,867,large,unsplit,refine_middle,HCSCH,1,1,1,17,full_bound,80,1e-07,120,0.789309123223,2.99997868849,3.80076525182,2.41715597413e-08,0.000113466579406,1,0.999655576,lanczos_bracket,0,0,0,3,2.13115056757e-05
middle_refine,2,512,4736,867,large,unsplit,refine_middle,CHSHC,1,1,1,17,full_bound,80,1e-07,120,0.789382368153,2.99997868573,3.80041258427,8.20925670419e-09,0.000113436061196,1,1.007249836,lanczos_bracket,0,0,0,3,2.13142695928e-05
middle_refine,2,512,4736,867,large,unsplit,refine_hybrid,H(C+S)H,1,1,0.25,17,restarted,80,1e-07,927,0.264102754044,3.1097547935,11.7747912352,8.76942563027e-09,6.87078349854e-13,1,3.671879284,lanczos,0,0,0,0,0
middle_refine,2,512,4736,867,large,unsplit,refine_hybrid,H(C+S)H,1,1,0.4,17,restarted,80,1e-07,1004,0.412586873037,3.25970570188,7.90065296523,1.53365863434e-08,6.96908789898e-13,1,3.704268386,lanczos,0,0,0,0,0
middle_refine,2,512,4736,867,large,unsplit,refine_hybrid,H(C+S)H,1,1,0.5,17,restarted,80,1e-07,1156,0.511503095438,3.35968942004,6.56826801246,1.67780048494e-08,6.04865025704e-13,1,4.266279954,lanczos,0,0,0,0,0
middle_refine,2,512,4736,867,large,unsplit,refine_hybrid,H(C+S)H,1,1,0.6,17,restarted,80,1e-07,1004,0.610224800809,3.45967705727,5.66951237099,2.39039700716e-08,9.04863292852e-13,1,3.692212618,lanczos,0,0,0,0,0
middle_refine,2,512,4736,867,large,unsplit,refine_hybrid,H(C+S)H,1,1,0.75,17,restarted,80,1e-07,468,0.756110388394,3.60966205309,4.77398817488,3.234976794e-08,7.49890611872e-13,1,1.812315882,lanczos,0,0,0,0,0
middle_refine,2,512,4736,867,large,unsplit,refine_hybrid,H(C+S)H,1,1,1,17,restarted,80,1e-07,237,0.789297534346,3.85964151912,4.8899703232,8.06082469562e-12,4.85851858014e-08,1,0.938746298,lanczos,0,0,0,0,0
middle_refine,2,512,4736,867,small,unsplit,refine_middle,HCSCH,0.25,1,1,17,full_bound,80,1e-07,180,0.0935948059875,0.99999966623,10.6843500094,5.74411233986e-08,4.11283694749e-05,1,1.355196304,lanczos_bracket,0,0,0,1,3.33769622274e-07
middle_refine,2,512,4736,867,small,unsplit,refine_middle,CHSHC,0.25,1,1,17,full_bound,80,1e-07,180,0.0935947432182,0.999999726601,10.6843578198,5.74477827449e-08,3.39595878814e-05,1,1.374431593,lanczos_bracket,0,0,0,1,2.73399396455e-07
middle_refine,2,512,4736,867,small,unsplit,refine_hybrid,H(C+S)H,0.25,1,0.25,17,restarted,80,1e-07,2393,nan,nan,nan,nan,nan,0,7.91413713,lanczos,0,0,0,0,0
middle_refine,2,512,4736,867,small,unsplit,refine_hybrid,H(C+S)H,0.25,1,0.4,17,restarted,80,1e-07,2393,nan,nan,nan,nan,nan,0,7.858965009,lanczos,0,0,0,0,0
middle_refine,2,512,4736,867,small,unsplit,refine_hybrid,H(C+S)H,0.25,1,0.5,17,restarted,80,1e-07,2393,nan,nan,nan,nan,nan,0,7.71778646,lanczos,0,0,0,0,0
middle_refine,2,512,4736,867,small,unsplit,refine_hybrid,H(C+S)H,0.25,1,0.6,17,restarted,80,1e-07,2393,nan,nan,nan,nan,nan,0,6.648218546,lanczos,0,0,0,0,0
middle_refine,2,512,4736,867,small,unsplit,refine_hybrid,H(C+S)H,0.25,1,0.75,17,restarted,80,1e-07,2393,nan,nan,nan,nan,nan,0,6.545138574,lanczos,0,0,0,0,0
middle_refine,2,512,4736,867,small,unsplit,refine_hybrid,H(C+S)H,0.25,1,1,17,restarted,80,1e-07,2008,0.0935935373342,1.00065401286,10.6914862005,7.59496094724e-12,9.47709203819e-08,1,5.162189074,lanczos,0,0,0,0,0
middle_refine,2,512,4736,867,small,unsplit,refine_middle,HCSCH,0.333333333333,1,1,17,full_bound,80,1e-07,150,0.12434919687,0.999997682775,8.04185075536,5.73303961226e-08,0.000152394387907,1,0.841681626,lanczos_bracket,0,0,0,1,2.31722450661e-06
middle_refine,2,512,4736,867,small,unsplit,refine_middle,CHSHC,0.333333333333,1,1,17,full_bound,80,1e-07,150,0.124349078732,0.999998145976,8.04186212049,5.72723196981e-08,0.000120799148548,1,0.943232433,lanczos_bracket,0,0,0,1,1.854023993e-06
middle_refine,2,512,4736,867,small,unsplit,refine_hybrid,H(C+S)H,0.333333333333,1,0.25,17,restarted,80,1e-07,2393,nan,nan,nan,nan,nan,0,6.944890763,lanczos,0,0,0,0,0
middle_refine,2,512,4736,867,small,unsplit,refine_hybrid,H(C+S)H,0.333333333333,1,0.4,17,restarted,80,1e-07,2393,nan,nan,nan,nan,nan,0,7.590179789,lanczos,0,0,0,0,0
middle_refine,2,512,4736,867,small,unsplit,refine_hybrid,H(C+S)H,0.333333333333,1,0.5,17,restarted,80,1e-07,2393,nan,nan,nan,nan,nan,0,7.750786169,lanczos,0,0,0,0,0
middle_refine,2,512,4736,867,small,unsplit,refine_hybrid,H(C+S)H,0.333333333333,1,0.6,17,restarted,80,1e-07,2393,nan,nan,nan,nan,nan,0,7.709513925,lanczos,0,0,0,0,0
middle_refine,2,512,4736,867,small,unsplit,refine_hybrid,H(C+S)H,0.333333333333,1,0.75,17,restarted,80,1e-07,2393,nan,nan,nan,nan,nan,0,7.719779276,lanczos,0,0,0,0,0
middle_refine,2,512,4736,867,small,unsplit,refine_hybrid,H(C+S)H,0.333333333333,1,1,17,restarted,80,1e-07,236,0.124346877651,1.00861596855,8.11130916674,9.77121890036e-12,2.19983142383e-12,1,0.836925232,lanczos,0,0,0,0,0
middle_refine,2,512,4736,867,small,unsplit,refine_middle,HCSCH,0.4,1,1,17,full_bound,80,1e-07,160,0.14877503897,1.18945274161,7.99497516414,9.89043719072e-09,1.96473503529e-13,1,1.18332387,lanczos,0,0,0,1.2,0.010547258391
middle_refine,2,512,4736,867,small,unsplit,refine_middle,CHSHC,0.4,1,1,17,full_bound,80,1e-07,160,0.148774861288,1.18945651688,7.99501008833,9.87635738592e-09,2.65923340109e-13,1,1.135728255,lanczos,0,0,0,1.2,0.0105434831171
middle_refine,2,512,4736,867,small,unsplit,refine_hybrid,H(C+S)H,0.4,1,0.25,17,restarted,80,1e-07,235,0.148743859321,1.18965634386,7.9980198799,9.30076933293e-13,2.34484381503e-13,1,0.712719997,lanczos,0,0,0,0,0
middle_refine,2,512,4736,867,small,unsplit,refine_hybrid,H(C+S)H,0.4,1,0.4,17,restarted,80,1e-07,158,0.148762661123,1.18969530363,7.99727091895,7.91373471269e-08,3.68287702174e-13,1,0.497522498,lanczos,0,0,0,0,0
middle_refine,2,512,4736,867,small,unsplit,refine_hybrid,H(C+S)H,0.4,1,0.5,17,restarted,80,1e-07,158,0.148766279578,1.18973068356,7.99731422291,7.89361410006e-08,6.83998381009e-13,1,0.535738677,lanczos,0,0,0,0,0
middle_refine,2,512,4736,867,small,unsplit,refine_hybrid,H(C+S)H,0.4,1,0.6,17,restarted,80,1e-07,158,0.14876829494,1.18977804868,7.99752426519,7.38614226138e-08,4.99725796375e-13,1,0.482599939,lanczos,0,0,0,0,0
middle_refine,2,512,4736,867,small,unsplit,refine_hybrid,H(C+S)H,0.4,1,0.75,17,restarted,80,1e-07,158,0.148770061371,1.18988941149,7.99817786268,7.38645470703e-08,8.74696672759e-13,1,0.514647829,lanczos,0,0,0,0,0
middle_refine,2,512,4736,867,small,unsplit,refine_hybrid,H(C+S)H,0.4,1,1,17,restarted,80,1e-07,158,0.1487716223,1.19046316337,8.00195053978,8.58029029614e-08,9.1474648957e-13,1,0.538391014,lanczos,0,0,0,0,0
middle_refine,2,512,4736,867,small,unsplit,refine_middle,HCSCH,0.5,1,1,17,full_bound,80,1e-07,170,0.185091564265,1.48641084788,8.0306785119,5.35033139499e-08,3.25590704734e-13,1,1.36894177,lanczos,0,0,0,1.5,0.0135891521201
middle_refine,2,512,4736,867,small,unsplit,refine_middle,CHSHC,0.5,1,1,17,full_bound,80,1e-07,170,0.185091268415,1.48641381249,8.0307073652,5.33019362482e-08,1.95542783482e-13,1,1.303642016,lanczos,0,0,0,1.5,0.0135861875086
middle_refine,2,512,4736,867,small,unsplit,refine_hybrid,H(C+S)H,0.5,1,0.25,17,restarted,80,1e-07,235,0.185016375133,1.48665367239,8.03525456232,9.75747172906e-10,1.00856616396e-13,1,0.782198779,lanczos,0,0,0,0,0
middle_refine,2,512,4736,867,small,unsplit,refine_hybrid,H(C+S)H,0.5,1,0.4,17,restarted,80,1e-07,235,0.185069144518,1.48668733659,8.03314534392,1.48839829916e-09,5.00519923838e-14,1,0.784615613,lanczos,0,0,0,0,0
middle_refine,2,512,4736,867,small,unsplit,refine_hybrid,H(C+S)H,0.5,1,0.5,17,restarted,80,1e-07,235,0.185076425567,1.48671545773,8.03298125722,1.61015896546e-09,2.36425191511e-13,1,0.847973507,lanczos,0,0,0,0,0
middle_refine,2,512,4736,867,small,unsplit,refine_hybrid,H(C+S)H,0.5,1,0.6,17,restarted,80,1e-07,235,0.185080199218,1.48674991131,8.03300362543,1.69025227864e-09,1.63767210729e-13,1,0.867668369,lanczos,0,0,0,0,0
middle_refine,2,512,4736,867,small,unsplit,refine_hybrid,H(C+S)H,0.5,1,0.75,17,restarted,80,1e-07,235,0.185083355804,1.48681909218,8.03324040523,1.76386856676e-09,4.07299842738e-13,1,0.769261373,lanczos,0,0,0,0,0
middle_refine,2,512,4736,867,small,unsplit,refine_hybrid,H(C+S)H,0.5,1,1,17,restarted,80,1e-07,235,0.18508603521,1.48702880058,8.03425714368,1.82200570184e-09,6.40988543612e-13,1,0.829661795,lanczos,0,0,0,0,0
middle_refine,2,512,4736,867,small,unsplit,refine_middle,HCSCH,0.6,1,1,17,full_bound,80,1e-07,160,0.220980905906,1.78352396392,8.07094149879,2.06764917647e-08,1.28063662158e-13,1,1.261676257,lanczos,0,0,0,1.8,0.0164760360797
middle_refine,2,512,4736,867,small,unsplit,refine_middle,CHSHC,0.6,1,1,17,full_bound,80,1e-07,160,0.220980452955,1.78352678322,8.07097080025,2.06812881775e-08,8.64025021694e-14,1,1.300234148,lanczos,0,0,0,1.8,0.0164732167763
middle_refine,2,512,4736,867,small,unsplit,refine_hybrid,H(C+S)H,0.6,1,0.25,17,restarted,80,1e-07,235,0.220743659627,1.78380615938,8.08089420278,2.49832002137e-12,1.34986846072e-13,1,0.873191354,lanczos,0,0,0,0,0
middle_refine,2,512,4736,867,small,unsplit,refine_hybrid,H(C+S)H,0.6,1,0.4,17,restarted,80,1e-07,235,0.220942487339,1.78383684903,8.07376105209,2.5890003838e-12,1.87679023639e-13,1,0.684680805,lanczos,0,0,0,0,0
middle_refine,2,512,4736,867,small,unsplit,refine_hybrid,H(C+S)H,0.6,1,0.5,17,restarted,80,1e-07,235,0.220956514635,1.78386128612,8.07335909087,3.91399823243e-12,2.57622586254e-13,1,0.718266377,lanczos,0,0,0,0,0
middle_refine,2,512,4736,867,small,unsplit,refine_hybrid,H(C+S)H,0.6,1,0.6,17,restarted,80,1e-07,235,0.220963146856,1.78388984384,8.07324601054,7.20126431493e-12,9.11073102852e-14,1,0.687059808,lanczos,0,0,0,0,0
middle_refine,2,512,4736,867,small,unsplit,refine_hybrid,H(C+S)H,0.6,1,0.75,17,restarted,80,1e-07,235,0.220968396754,1.78394301585,8.07329483339,8.51390644069e-12,2.64447997922e-13,1,0.725144619,lanczos,0,0,0,0,0
middle_refine,2,512,4736,867,small,unsplit,refine_hybrid,H(C+S)H,0.6,1,1,17,restarted,80,1e-07,235,0.220972655615,1.78407671724,8.07374429325,3.35887829314e-12,2.86394137737e-13,1,0.685566219,lanczos,0,0,0,0,0
middle_refine,2,512,4736,867,small,unsplit,refine_middle,HCSCH,0.75,1,1,17,full_bound,80,1e-07,160,0.273897178323,2.22925770367,8.13903128657,9.91169229419e-09,7.85080141349e-14,1,1.04902169,lanczos,0,0,0,2.25,0.0207422963281
middle_refine,2,512,4736,867,small,unsplit,refine_middle,CHSHC,0.75,1,1,17,full_bound,80,1e-07,160,0.27389640413,2.22926060159,8.13906487261,9.91293199545e-09,1.93502843056e-13,1,1.124299085,lanczos,0,0,0,2.25,0.0207393984117
middle_refine,2,512,4736,867,small,unsplit,refine_hybrid,H(C+S)H,0.75,1,0.25,17,restarted,80,1e-07,1071,0.249854646844,2.22959949126,8.92358625073,9.70713628544e-08,1.67021827951e-13,1,3.832074252,lanczos,0,0,0,0,0
middle_refine,2,512,4736,867,small,unsplit,refine_hybrid,H(C+S)H,0.75,1,0.4,17,restarted,80,1e-07,235,0.273813186659,2.22962758392,8.14287876755,2.61646982783e-12,2.26359501752e-13,1,0.858268764,lanczos,0,0,0,0,0
middle_refine,2,512,4736,867,small,unsplit,refine_hybrid,H(C+S)H,0.75,1,0.5,17,restarted,80,1e-07,235,0.273850801367,2.22964901412,8.14183855948,2.586888524e-12,3.48931658117e-13,1,0.862140885,lanczos,0,0,0,0,0
middle_refine,2,512,4736,867,small,unsplit,refine_hybrid,H(C+S)H,0.75,1,0.6,17,restarted,80,1e-07,235,0.273865382025,2.2296730689,8.14149292041,2.55740233614e-12,3.8900692366e-13,1,0.78482657,lanczos,0,0,0,0,0
middle_refine,2,512,4736,867,small,unsplit,refine_hybrid,H(C+S)H,0.75,1,0.75,17,restarted,80,1e-07,235,0.273875779131,2.22971523337,8.14133780083,2.83743869306e-12,6.18709810976e-13,1,0.828793232,lanczos,0,0,0,0,0
middle_refine,2,512,4736,867,small,unsplit,refine_hybrid,H(C+S)H,0.75,1,1,17,restarted,80,1e-07,235,0.273883566902,2.22980830204,8.14144611615,6.0399168267e-12,6.52931980235e-13,1,0.824652526,lanczos,0,0,0,0,0
middle_refine,2,512,4736,867,small,unsplit,refine_middle,HCSCH,1,1,1,17,full_bound,80,1e-07,160,0.359064566113,2.97219719127,8.27761208368,3.82618210394e-08,2.65122393529e-13,1,1.249863816,lanczos,0,0,0,3,0.0278028087256
middle_refine,2,512,4736,867,small,unsplit,refine_middle,CHSHC,1,1,1,17,full_bound,80,1e-07,160,0.359062976393,2.97220045312,8.27765781641,3.82569360554e-08,1.43350667533e-13,1,1.233093172,lanczos,0,0,0,3,0.02779954688
middle_refine,2,512,4736,867,small,unsplit,refine_hybrid,H(C+S)H,1,1,0.25,17,restarted,80,1e-07,2363,nan,nan,nan,nan,nan,0,7.826551682,lanczos,0,0,0,0,0
middle_refine,2,512,4736,867,small,unsplit,refine_hybrid,H(C+S)H,1,1,0.4,17,restarted,80,1e-07,235,0.358624327106,2.97266488465,8.28907762235,2.93821491318e-09,9.35107997266e-14,1,0.737599088,lanczos,0,0,0,0,0
middle_refine,2,512,4736,867,small,unsplit,refine_hybrid,H(C+S)H,1,1,0.5,17,restarted,80,1e-07,235,0.358936111767,2.97268383064,8.28193021873,7.19283880959e-10,1.89890932551e-13,1,0.794594066,lanczos,0,0,0,0,0
middle_refine,2,512,4736,867,small,unsplit,refine_hybrid,H(C+S)H,1,1,0.6,17,restarted,80,1e-07,235,0.358990255785,2.97270437006,8.28073832689,6.68614860434e-10,4.89183523504e-14,1,0.758541707,lanczos,0,0,0,0,0
middle_refine,2,512,4736,867,small,unsplit,refine_hybrid,H(C+S)H,1,1,0.75,17,restarted,80,1e-07,235,0.359019627749,2.97273863619,8.2801563102,6.4859621131e-10,1.68642021958e-13,1,0.82151218,lanczos,0,0,0,0,0
middle_refine,2,512,4736,867,small,unsplit,refine_hybrid,H(C+S)H,1,1,1,17,restarted,80,1e-07,235,0.359038058407,2.972807295,8.27992249122,6.38741189097e-10,2.58264974697e-13,1,0.773121812,lanczos,0,0,0,0,0
middle_refine,2,512,4736,2403,large,split,refine_middle,HCSCH,0.25,1,1,17,full_bound,80,1e-07,80,0.386037021761,0.999999312418,2.59042334297,1.25985581645e-08,5.02870971806e-05,1,0.691875854,lanczos_bracket,0,0,0,1,6.87582122461e-07
middle_refine,2,512,4736,2403,large,split,refine_middle,CHSHC,0.25,1,1,17,full_bound,80,1e-07,80,0.386037526442,0.999999023558,2.59041920814,1.46263034703e-08,6.59428670202e-05,1,0.674562709,lanczos_bracket,0,0,0,1,9.76441636324e-07
middle_refine,2,512,4736,2403,large,split,refine_hybrid,H(C+S)H,0.25,1,0.25,17,restarted,80,1e-07,2398,nan,nan,nan,nan,nan,0,10.407473805,lanczos,0,0,0,0,0
middle_refine,2,512,4736,2403,large,split,refine_hybrid,H(C+S)H,0.25,1,0.4,17,restarted,80,1e-07,236,0.386016319854,1.1149385035,2.88831960245,2.08444458707e-12,1.00313377784e-09,1,1.044393127,lanczos,0,0,0,0,0
middle_refine,2,512,4736,2403,large,split,refine_hybrid,H(C+S)H,0.25,1,0.5,17,restarted,80,1e-07,236,0.386026247646,1.21493098409,3.14727558424,2.44265345017e-12,5.77551559265e-09,1,1.076890642,lanczos,0,0,0,0,0
middle_refine,2,512,4736,2403,large,split,refine_hybrid,H(C+S)H,0.25,1,0.6,17,restarted,80,1e-07,236,0.386029293394,1.31492412384,3.40628067959,2.77239525653e-12,3.07365084767e-08,1,1.114814081,lanczos,0,0,0,0,0
middle_refine,2,512,4736,2403,large,split,refine_hybrid,H(C+S)H,0.25,1,0.75,17,restarted,80,1e-07,313,0.386031527504,1.46491440571,3.79480509062,4.01745467504e-12,5.83448887058e-10,1,1.405404061,lanczos,0,0,0,0,0
middle_refine,2,512,4736,2403,large,split,refine_hybrid,H(C+S)H,0.25,1,1,17,restarted,80,1e-07,391,0.386033366486,1.71489900719,4.44235953694,3.62635909588e-12,1.89357847672e-09,1,1.640705,lanczos,0,0,0,0,0
middle_refine,2,512,4736,2403,large,split,refine_middle,HCSCH,0.333333333333,1,1,17,full_bound,80,1e-07,60,0.507253400614,0.999992256885,1.9713860088,1.05685280453e-08,0.000142608424463,1,0.455749041,lanczos_bracket,0,0,0,1,7.74311457752e-06
middle_refine,2,512,4736,2403,large,split,refine_middle,CHSHC,0.333333333333,1,1,17,full_bound,80,1e-07,60,0.507254497367,0.999988119642,1.97137359024,1.08616931106e-08,0.000199396548925,1,0.441629192,lanczos_bracket,0,0,0,1,1.18803581489e-05
middle_refine,2,512,4736,2403,large,split,refine_hybrid,H(C+S)H,0.333333333333,1,0.25,17,restarted,80,1e-07,851,0.257952520916,1.20325255822,4.66462802516,4.51104802334e-09,9.09724692281e-13,1,3.765128963,lanczos,0,0,0,0,0
middle_refine,2,512,4736,2403,large,split,refine_hybrid,H(C+S)H,0.333333333333,1,0.4,17,restarted,80,1e-07,775,0.407063610004,1.35324017461,3.32439486446,6.84083181042e-08,9.67886946272e-13,1,3.396474097,lanczos,0,0,0,0,0
middle_refine,2,512,4736,2403,large,split,refine_hybrid,H(C+S)H,0.333333333333,1,0.5,17,restarted,80,1e-07,928,0.506424847171,1.4532330723,2.86959275481,2.18787360788e-08,1.38082614412e-12,1,3.800812931,lanczos,0,0,0,0,0
middle_refine,2,512,4736,2403,large,split,refine_hybrid,H(C+S)H,0.333333333333,1,0.6,17,restarted,80,1e-07,236,0.507238784344,1.55322636124,3.06212066029,2.55227489878e-12,4.28798022943e-09,1,1.005641792,lanczos,0,0,0,0,0
middle_refine,2,512,4736,2403,large,split,refine_hybrid,H(C+S)H,0.333333333333,1,0.75,17,restarted,80,1e-07,236,0.507244502487,1.703216717,3.35778250656,3.74825007323e-12,2.25675725023e-08,1,1.017103554,lanczos,0,0,0,0,0
middle_refine,2,512,4736,2403,large,split,refine_hybrid,H(C+S)H,0.333333333333,1,1,17,restarted,80,1e-07,313,0.507248040762,1.9532012995,3.85058421628,3.51106923662e-12,7.66091800939e-10,1,1.379106743,lanczos,0,0,0,0,0
middle_refine,2,512,4736,2403,large,split,refine_middle,HCSCH,0.4,1,1,17,full_bound,80,1e-07,180,0.597240267554,1.19988086345,2.00904213704,7.27923819347e-13,0.000117384803826,1,1.746229859,lanczos_bracket,0,0,0,1.2,0.000119136547646
middle_refine,2,512,4736,2403,large,split,refine_middle,CHSHC,0.4,1,1,17,full_bound,80,1e-07,180,0.59724215021,1.19988085727,2.00903579369,5.48780034112e-13,0.000117495549371,1,1.69196246,lanczos_bracket,0,0,0,1.2,0.000119142725879
middle_refine,2,512,4736,2403,large,split,refine_hybrid,H(C+S)H,0.4,1,0.25,17,restarted,80,1e-07,851,0.258822023502,1.39389660696,5.38554095245,2.35943604003e-08,1.16461991622e-12,1,3.619882665,lanczos,0,0,0,0,0
middle_refine,2,512,4736,2403,large,split,refine_hybrid,H(C+S)H,0.4,1,0.4,17,restarted,80,1e-07,927,0.407866720727,1.54388333016,3.78526428293,1.64221388364e-08,8.79074697811e-13,1,3.658696227,lanczos,0,0,0,0,0
middle_refine,2,512,4736,2403,large,split,refine_hybrid,H(C+S)H,0.4,1,0.5,17,restarted,80,1e-07,1003,0.507178612603,1.64387594358,3.24121700468,1.6730408569e-08,1.19776582131e-12,1,4.891703436,lanczos,0,0,0,0,0
middle_refine,2,512,4736,2403,large,split,refine_hybrid,H(C+S)H,0.4,1,0.6,17,restarted,80,1e-07,236,0.597209852064,1.74386904413,2.92002725358,6.04012834966e-12,1.72949914878e-09,1,1.178029034,lanczos,0,0,0,0,0
middle_refine,2,512,4736,2403,large,split,refine_hybrid,H(C+S)H,0.4,1,0.75,17,restarted,80,1e-07,236,0.597228800946,1.89385920687,3.17107815945,2.52613510082e-12,7.90849854624e-09,1,1.370409951,lanczos,0,0,0,0,0
middle_refine,2,512,4736,2403,large,split,refine_hybrid,H(C+S)H,0.4,1,1,17,restarted,80,1e-07,236,0.597234463042,2.14384357301,3.58961799038,3.57629164399e-12,6.2363411282e-08,1,1.275862792,lanczos,0,0,0,0,0
middle_refine,2,512,4736,2403,large,split,refine_middle,HCSCH,0.5,1,1,17,full_bound,80,1e-07,190,0.705519288655,1.49985037588,2.12588146064,1.04392242634e-12,0.000130838996915,1,2.065950254,lanczos_bracket,0,0,0,1.5,0.000149624121326
middle_refine,2,512,4736,2403,large,split,refine_middle,CHSHC,0.5,1,1,17,full_bound,80,1e-07,190,0.705523132686,1.49985037543,2.12586987717,9.48487339144e-13,0.000129451375873,1,2.069864324,lanczos_bracket,0,0,0,1.5,0.000149624572631
middle_refine,2,512,4736,2403,large,split,refine_hybrid,H(C+S)H,0.5,1,0.25,17,restarted,80,1e-07,927,0.259963846901,1.679865597,6.46192005935,5.81565063258e-08,8.73313014025e-13,1,4.623274937,lanczos,0,0,0,0,0
middle_refine,2,512,4736,2403,large,split,refine_hybrid,H(C+S)H,0.5,1,0.4,17,restarted,80,1e-07,1079,0.408905463189,1.8298497269,4.47499456875,2.19197094334e-08,1.0880858131e-12,1,5.5631516,lanczos,0,0,0,0,0
middle_refine,2,512,4736,2403,large,split,refine_hybrid,H(C+S)H,0.5,1,0.5,17,restarted,80,1e-07,852,0.508064991336,1.92984154734,3.79841473089,6.39889809347e-08,1.43483251232e-12,1,4.153250215,lanczos,0,0,0,0,0
middle_refine,2,512,4736,2403,large,split,refine_hybrid,H(C+S)H,0.5,1,0.6,17,restarted,80,1e-07,852,0.60714960464,2.02983412976,3.34321905877,9.84389911991e-09,9.64262239608e-13,1,4.498879294,lanczos,0,0,0,0,0
middle_refine,2,512,4736,2403,large,split,refine_hybrid,H(C+S)H,0.5,1,0.75,17,restarted,80,1e-07,237,0.705504547345,2.17982377467,3.08973738422,3.18860773525e-11,2.18837190489e-08,1,1.271079028,lanczos,0,0,0,0,0
middle_refine,2,512,4736,2403,large,split,refine_hybrid,H(C+S)H,0.5,1,1,17,restarted,80,1e-07,314,0.705516586728,2.42980760206,3.44401201582,2.67299019906e-12,1.49900994861e-08,1,1.632602444,lanczos,0,0,0,0,0
middle_refine,2,512,4736,2403,large,split,refine_middle,HCSCH,0.6,1,1,17,full_bound,80,1e-07,200,0.754215074078,1.79982013501,2.38634866482,7.77212832792e-13,0.00013418914632,1,2.221312564,lanczos_bracket,0,0,0,1.8,0.000179864985883
middle_refine,2,512,4736,2403,large,split,refine_middle,CHSHC,0.6,1,1,17,full_bound,80,1e-07,200,0.754232584237,1.79982013822,2.38629326794,8.14086911199e-13,0.00013611582716,1,2.32899974,lanczos_bracket,0,0,0,1.8,0.000179861777712
middle_refine,2,512,4736,2403,large,split,refine_hybrid,H(C+S)H,0.6,1,0.25,17,restarted,80,1e-07,1155,0.260982802799,1.96583715824,7.53243944491,4.46974730089e-08,7.84355215883e-13,1,5.868269677,lanczos,0,0,0,0,0
middle_refine,2,512,4736,2403,large,split,refine_hybrid,H(C+S)H,0.6,1,0.4,17,restarted,80,1e-07,851,0.409748294967,2.11581765193,5.16370093034,4.08469066293e-08,8.12879363624e-13,1,4.230596708,lanczos,0,0,0,0,0
middle_refine,2,512,4736,2403,large,split,refine_hybrid,H(C+S)H,0.6,1,0.5,17,restarted,80,1e-07,775,0.508840732349,2.21580838323,4.35462069439,6.05477777979e-08,7.82207016349e-13,1,3.960484533,lanczos,0,0,0,0,0
middle_refine,2,512,4736,2403,large,split,refine_hybrid,H(C+S)H,0.6,1,0.6,17,restarted,80,1e-07,928,0.607864064578,2.31580025362,3.80973376874,1.93968334678e-08,1.10891859081e-12,1,4.501377351,lanczos,0,0,0,0,0
middle_refine,2,512,4736,2403,large,split,refine_hybrid,H(C+S)H,0.6,1,0.75,17,restarted,80,1e-07,391,0.752221205109,2.46578918672,3.2780107367,2.82364431517e-09,2.3076637856e-12,1,2.008087104,lanczos,0,0,0,0,0
middle_refine,2,512,4736,2403,large,split,refine_hybrid,H(C+S)H,0.6,1,1,17,restarted,80,1e-07,314,0.754218835564,2.71577228276,3.60077494051,4.08395995324e-12,9.08652823772e-09,1,1.677745999,lanczos,0,0,0,0,0
middle_refine,2,512,4736,2403,large,split,refine_middle,HCSCH,0.75,1,1,17,full_bound,80,1e-07,220,0.773388132992,2.24977715272,2.90898845838,8.11243380924e-13,0.000147097140455,1,2.675552988,lanczos_bracket,0,0,0,2.25,0.000222847277385
middle_refine,2,512,4736,2403,large,split,refine_middle,CHSHC,0.75,1,1,17,full_bound,80,1e-07,220,0.773422598124,2.24977714937,2.90885882418,8.59179257018e-13,0.000146496968946,1,2.491182064,lanczos_bracket,0,0,0,2.25,0.000222850628586
middle_refine,2,512,4736,2403,large,split,refine_hybrid,H(C+S)H,0.75,1,0.25,17,restarted,80,1e-07,927,0.262255866661,2.39479918177,9.13153712159,2.27974468429e-08,7.93533452294e-13,1,4.841778022,lanczos,0,0,0,0,0
middle_refine,2,512,4736,2403,large,split,refine_hybrid,H(C+S)H,0.75,1,0.4,17,restarted,80,1e-07,852,0.410883089255,2.54477202641,6.19342117737,5.53566677642e-08,1.3547414343e-12,1,4.309832838,lanczos,0,0,0,0,0
middle_refine,2,512,4736,2403,large,split,refine_hybrid,H(C+S)H,0.75,1,0.5,17,restarted,80,1e-07,851,0.509900974927,2.64476061891,5.1868122419,7.7823967084e-08,8.73467663182e-13,1,4.696741747,lanczos,0,0,0,0,0
middle_refine,2,512,4736,2403,large,split,refine_hybrid,H(C+S)H,0.75,1,0.6,17,restarted,80,1e-07,926,0.608847606857,2.74475111214,4.50810856646,3.55129458522e-08,8.28306234884e-13,1,5.213515625,lanczos,0,0,0,0,0
middle_refine,2,512,4736,2403,large,split,refine_hybrid,H(C+S)H,0.75,1,0.75,17,restarted,80,1e-07,314,0.754002446268,2.8947386792,3.83916351138,8.8709513251e-08,6.22765591214e-10,1,1.693825283,lanczos,0,0,0,0,0
middle_refine,2,512,4736,2403,large,split,refine_hybrid,H(C+S)H,0.75,1,1,17,restarted,80,1e-07,314,0.773388155049,3.14472038406,4.06616052177,3.79941262501e-12,6.14258048948e-09,1,1.708024452,lanczos,0,0,0,0,0
middle_refine,2,512,4736,2403,large,split,refine_middle,HCSCH,1,1,1,17,full_bound,80,1e-07,230,0.789309121878,2.99970156961,3.80041416787,8.31735438419e-13,0.000141524293969,1,2.932905522,lanczos_bracket,0,0,0,3,0.000298430387367
middle_refine,2,512,4736,2403,large,split,refine_middle,CHSHC,1,1,1,17,full_bound,80,1e-07,230,0.789382347042,2.99970157164,3.80006163411,1.03399382199e-12,0.000141834808164,1,2.773687132,lanczos_bracket,0,0,0,3,0.000298428359084
middle_refine,2,512,4736,2403,large,split,refine_hybrid,H(C+S)H,1,1,0.25,17,restarted,80,1e-07,852,0.264103585151,3.1097515951,11.7747420707,4.99881795969e-08,6.01315956845e-13,1,4.449840646,lanczos,0,0,0,0,0
middle_refine,2,512,4736,2403,large,split,refine_hybrid,H(C+S)H,1,1,0.4,17,restarted,80,1e-07,927,0.412588996572,3.25970248529,7.90060450563,5.34977978254e-08,7.99709503378e-13,1,5.067114114,lanczos,0,0,0,0,0
middle_refine,2,512,4736,2403,large,split,refine_hybrid,H(C+S)H,1,1,0.5,17,restarted,80,1e-07,1079,0.511506398097,3.35968593397,6.56821878763,1.91975693028e-08,7.13595755943e-13,1,5.761749295,lanczos,0,0,0,0,0
middle_refine,2,512,4736,2403,large,split,refine_hybrid,H(C+S)H,1,1,0.6,17,restarted,80,1e-07,1003,0.610229470584,3.45967326509,5.66946277075,2.50536602841e-08,1.07097491601e-12,1,5.412589846,lanczos,0,0,0,0,0
middle_refine,2,512,4736,2403,large,split,refine_hybrid,H(C+S)H,1,1,0.75,17,restarted,80,1e-07,468,0.756115728654,3.60965778425,4.77394881162,3.23357157354e-08,8.74199286915e-13,1,2.509828955,lanczos,0,0,0,0,0
middle_refine,2,512,4736,2403,large,split,refine_hybrid,H(C+S)H,1,1,1,17,restarted,80,1e-07,236,0.789297520331,3.85963645728,4.88996399692,5.9623600904e-12,9.04078838154e-09,1,1.269087212,lanczos,0,0,0,0,0
middle_refine,2,512,4736,2403,small,split,refine_middle,HCSCH,0.25,1,1,17,full_bound,80,1e-07,160,0.173631263979,0.999999582996,5.75932905214,5.33444388258e-08,3.821488097e-05,1,1.566159141,lanczos_bracket,0,0,0,1,4.17003775954e-07
middle_refine,2,512,4736,2403,small,split,refine_middle,CHSHC,0.25,1,1,17,full_bound,80,1e-07,160,0.173631247835,0.999999413679,5.7593286125,5.32624068419e-08,4.65343275437e-05,1,1.673809577,lanczos_bracket,0,0,0,1,5.86321480145e-07
middle_refine,2,512,4736,2403,small,split,refine_hybrid,H(C+S)H,0.25,1,0.25,17,restarted,80,1e-07,2393,nan,nan,nan,nan,nan,0,11.533684815,lanczos,0,0,0,0,0
middle_refine,2,512,4736,2403,small,split,refine_hybrid,H(C+S)H,0.25,1,0.4,17,restarted,80,1e-07,2393,nan,nan,nan,nan,nan,0,11.020940896,lanczos,0,0,0,0,0
middle_refine,2,512,4736,2403,small,split,refine_hybrid,H(C+S)H,0.25,1,0.5,17,restarted,80,1e-07,2393,nan,nan,nan,nan,nan,0,10.40025418,lanczos,0,0,0,0,0
middle_refine,2,512,4736,2403,small,split,refine_hybrid,H(C+S)H,0.25,1,0.6,17,restarted,80,1e-07,2393,nan,nan,nan,nan,nan,0,9.064980337,lanczos,0,0,0,0,0
middle_refine,2,512,4736,2403,small,split,refine_hybrid,H(C+S)H,0.25,1,0.75,17,restarted,80,1e-07,2393,nan,nan,nan,nan,nan,0,9.84386849,lanczos,0,0,0,0,0
middle_refine,2,512,4736,2403,small,split,refine_hybrid,H(C+S)H,0.25,1,1,17,restarted,80,1e-07,2008,0.17362990523,1.00065354856,5.76314055598,3.13881707759e-12,4.9628734912e-08,1,8.245303798,lanczos,0,0,0,0,0
middle_refine,2,512,4736,2403,small,split,refine_middle,HCSCH,0.333333333333,1,1,17,full_bound,80,1e-07,140,0.223398695083,0.999997233651,4.47628950241,1.23932317325e-08,0.000129692654595,1,1.152365458,lanczos_bracket,0,0,0,1,2.76634862817e-06
middle_refine,2,512,4736,2403,small,split,refine_middle,CHSHC,0.333333333333,1,1,17,full_bound,80,1e-07,140,0.223398652231,0.99999563959,4.47628322554,1.23796158601e-08,0.000164139643134,1,1.208441619,lanczos_bracket,0,0,0,1,4.36041006957e-06
middle_refine,2,512,4736,2403,small,split,refine_hybrid,H(C+S)H,0.333333333333,1,0.25,17,restarted,80,1e-07,2392,nan,nan,nan,nan,nan,0,9.79511381,lanczos,0,0,0,0,0
middle_refine,2,512,4736,2403,small,split,refine_hybrid,H(C+S)H,0.333333333333,1,0.4,17,restarted,80,1e-07,2392,nan,nan,nan,nan,nan,0,9.862690172,lanczos,0,0,0,0,0
middle_refine,2,512,4736,2403,small,split,refine_hybrid,H(C+S)H,0.333333333333,1,0.5,17,restarted,80,1e-07,2392,nan,nan,nan,nan,nan,0,9.699914639,lanczos,0,0,0,0,0
middle_refine,2,512,4736,2403,small,split,refine_hybrid,H(C+S)H,0.333333333333,1,0.6,17,restarted,80,1e-07,2392,nan,nan,nan,nan,nan,0,9.908184555,lanczos,0,0,0,0,0
middle_refine,2,512,4736,2403,small,split,refine_hybrid,H(C+S)H,0.333333333333,1,0.75,17,restarted,80,1e-07,2392,nan,nan,nan,nan,nan,0,9.702325081,lanczos,0,0,0,0,0
middle_refine,2,512,4736,2403,small,split,refine_hybrid,H(C+S)H,0.333333333333,1,1,17,restarted,80,1e-07,159,0.223396297961,1.00685933593,4.50705470556,4.43621879756e-08,4.08689847942e-08,1,0.63650486,lanczos,0,0,0,0,0
middle_refine,2,512,4736,2403,small,split,refine_middle,HCSCH,0.4,1,1,17,full_bound,80,1e-07,130,0.260345123865,1.1048967906,4.24396959773,2.83507203153e-08,1.77457626021e-13,1,1.144712617,lanczos,0,0,0,1.2,0.0951032094029
middle_refine,2,512,4736,2403,small,split,refine_middle,CHSHC,0.4,1,1,17,full_bound,80,1e-07,130,0.260345046074,1.10493714275,4.2441258607,2.84245324057e-08,1.61629260065e-13,1,1.034555418,lanczos,0,0,0,1.2,0.0950628572548
middle_refine,2,512,4736,2403,small,split,refine_hybrid,H(C+S)H,0.4,1,0.25,17,restarted,80,1e-07,2363,nan,nan,nan,nan,nan,0,8.025758758,lanczos,0,0,0,0,0
middle_refine,2,512,4736,2403,small,split,refine_hybrid,H(C+S)H,0.4,1,0.4,17,restarted,80,1e-07,158,0.260325314693,1.10506499854,4.24493868315,5.275925091e-08,3.41261505732e-13,1,0.523510316,lanczos,0,0,0,0,0
middle_refine,2,512,4736,2403,small,split,refine_hybrid,H(C+S)H,0.4,1,0.5,17,restarted,80,1e-07,158,0.260333723807,1.10509385421,4.24491240723,5.33294836749e-08,2.27898636326e-13,1,0.549778637,lanczos,0,0,0,0,0
middle_refine,2,512,4736,2403,small,split,refine_hybrid,H(C+S)H,0.4,1,0.6,17,restarted,80,1e-07,158,0.260337186836,1.10513413404,4.24501066279,5.34140163652e-08,4.30017827729e-13,1,0.478235387,lanczos,0,0,0,0,0
middle_refine,2,512,4736,2403,small,split,refine_hybrid,H(C+S)H,0.4,1,0.75,17,restarted,80,1e-07,158,0.260339731194,1.10523706259,4.24536453778,5.35288802962e-08,7.62452536864e-13,1,0.494693756,lanczos,0,0,0,0,0
middle_refine,2,512,4736,2403,small,split,refine_hybrid,H(C+S)H,0.4,1,1,17,restarted,80,1e-07,158,0.260341679604,1.10605427253,4.24847175531,5.23508766107e-08,3.40697621266e-13,1,0.539632581,lanczos,0,0,0,0,0
middle_refine,2,512,4736,2403,small,split,refine_middle,HCSCH,0.5,1,1,17,full_bound,80,1e-07,130,0.311224187614,1.27158433742,4.08575036269,3.79381507983e-08,1.68280668713e-13,1,0.919081983,lanczos,0,0,0,1.5,0.228415662579
middle_refine,2,512,4736,2403,small,split,refine_middle,CHSHC,0.5,1,1,17,full_bound,80,1e-07,130,0.311224029802,1.27163497239,4.08591513064,3.80023123598e-08,1.97940385755e-13,1,0.888491951,lanczos,0,0,0,1.5,0.228365027614
middle_refine,2,512,4736,2403,small,split,refine_hybrid,H(C+S)H,0.5,1,0.25,17,restarted,80,1e-07,2363,nan,nan,nan,nan,nan,0,8.021284478,lanczos,0,0,0,0,0
middle_refine,2,512,4736,2403,small,split,refine_hybrid,H(C+S)H,0.5,1,0.4,17,restarted,80,1e-07,158,0.31117885527,1.27181849357,4.08709805319,1.73880573482e-08,2.09278056643e-13,1,0.565786225,lanczos,0,0,0,0,0
middle_refine,2,512,4736,2403,small,split,refine_hybrid,H(C+S)H,0.5,1,0.5,17,restarted,80,1e-07,158,0.311203092519,1.27185074501,4.08688337483,1.63836397375e-08,7.79849337181e-14,1,0.558514004,lanczos,0,0,0,0,0
middle_refine,2,512,4736,2403,small,split,refine_hybrid,H(C+S)H,0.5,1,0.6,17,restarted,80,1e-07,158,0.311210571327,1.27189258996,4.08691962018,1.6894210007e-08,2.30732400278e-13,1,0.605740119,lanczos,0,0,0,0,0
middle_refine,2,512,4736,2403,small,split,refine_hybrid,H(C+S)H,0.5,1,0.75,17,restarted,80,1e-07,158,0.311215404207,1.27198538881,4.08715433625,1.65798272954e-08,5.99848535046e-13,1,0.578701558,lanczos,0,0,0,0,0
middle_refine,2,512,4736,2403,small,split,refine_hybrid,H(C+S)H,0.5,1,1,17,restarted,80,1e-07,158,0.311218784156,1.27236667037,4.08833507214,1.65080055861e-08,3.30939029072e-13,1,0.526570582,lanczos,0,0,0,0,0
middle_refine,2,512,4736,2403,small,split,refine_middle,HCSCH,0.6,1,1,17,full_bound,80,1e-07,120,0.357066185572,1.43853598329,4.02876565021,7.5097539836e-08,3.93994285777e-13,1,0.771107806,lanczos,0,0,0,1.8,0.361464016713
middle_refine,2,512,4736,2403,small,split,refine_middle,CHSHC,0.6,1,1,17,full_bound,80,1e-07,120,0.357065909894,1.43859678392,4.02893903913,7.51597352122e-08,2.53036778909e-13,1,0.800439587,lanczos,0,0,0,1.8,0.361403216084
middle_refine,2,512,4736,2403,small,split,refine_hybrid,H(C+S)H,0.6,1,0.25,17,restarted,80,1e-07,2363,nan,nan,nan,nan,nan,0,8.05782412,lanczos,0,0,0,0,0
middle_refine,2,512,4736,2403,small,split,refine_hybrid,H(C+S)H,0.6,1,0.4,17,restarted,80,1e-07,158,0.356939822774,1.43883752536,4.03103670018,4.61408966409e-08,1.42676828979e-13,1,0.552156757,lanczos,0,0,0,0,0
middle_refine,2,512,4736,2403,small,split,refine_hybrid,H(C+S)H,0.6,1,0.5,17,restarted,80,1e-07,158,0.35702834797,1.43887211219,4.03013407864,6.82154394644e-08,3.17693805904e-13,1,0.513695746,lanczos,0,0,0,0,0
middle_refine,2,512,4736,2403,small,split,refine_hybrid,H(C+S)H,0.6,1,0.6,17,restarted,80,1e-07,158,0.357044184686,1.43891493596,4.0300752615,6.75394080613e-08,1.83684183767e-13,1,0.573533872,lanczos,0,0,0,0,0
middle_refine,2,512,4736,2403,small,split,refine_hybrid,H(C+S)H,0.6,1,0.75,17,restarted,80,1e-07,158,0.357052846124,1.43900244721,4.03022259262,6.93344900468e-08,2.90861501268e-13,1,0.573943704,lanczos,0,0,0,0,0
middle_refine,2,512,4736,2403,small,split,refine_hybrid,H(C+S)H,0.6,1,1,17,restarted,80,1e-07,158,0.357058307647,1.43928079703,4.03094051085,6.93129851715e-08,2.44031780995e-13,1,0.545720501,lanczos,0,0,0,0,0
middle_refine,2,512,4736,2403,small,split,refine_middle,HCSCH,0.75,1,1,17,full_bound,80,1e-07,130,0.417533676479,1.68923528249,4.04574619402,1.4757485437e-09,6.49264362478e-13,1,1.087460272,lanczos,0,0,0,2.25,0.560764717509
middle_refine,2,512,4736,2403,small,split,refine_middle,CHSHC,0.75,1,1,17,full_bound,80,1e-07,130,0.417533148394,1.68931130385,4.0459333836,1.47631141269e-09,1.30689005265e-13,1,0.87058858,lanczos,0,0,0,2.25,0.560688696152
middle_refine,2,512,4736,2403,small,split,refine_hybrid,H(C+S)H,0.75,1,0.25,17,restarted,80,1e-07,2363,nan,nan,nan,nan,nan,0,8.025328587,lanczos,0,0,0,0,0
middle_refine,2,512,4736,2403,small,split,refine_hybrid,H(C+S)H,0.75,1,0.4,17,restarted,80,1e-07,2363,nan,nan,nan,nan,nan,0,8.204642799,lanczos,0,0,0,0,0
middle_refine,2,512,4736,2403,small,split,refine_hybrid,H(C+S)H,0.75,1,0.5,17,restarted,80,1e-07,158,0.417438218299,1.68967655006,4.04772844457,6.79568814204e-08,2.01192824075e-13,1,0.576116488,lanczos,0,0,0,0,0
middle_refine,2,512,4736,2403,small,split,refine_hybrid,H(C+S)H,0.75,1,0.6,17,restarted,80,1e-07,158,0.417490913726,1.68972031249,4.04732236543,7.02105955217e-08,2.92983140881e-13,1,0.585987154,lanczos,0,0,0,0,0
middle_refine,2,512,4736,2403,small,split,refine_hybrid,H(C+S)H,0.75,1,0.75,17,restarted,80,1e-07,158,0.417510644282,1.68980338963,4.04733008074,6.91476340665e-08,1.85922174463e-13,1,0.593264445,lanczos,0,0,0,0,0
middle_refine,2,512,4736,2403,small,split,refine_hybrid,H(C+S)H,0.75,1,1,17,restarted,80,1e-07,158,0.417520969584,1.69002192864,4.04775341062,6.95250542187e-08,2.99425125174e-13,1,0.547254291,lanczos,0,0,0,0,0
middle_refine,2,512,4736,2403,small,split,refine_middle,HCSCH,1,1,1,17,full_bound,80,1e-07,120,0.500341699491,2.10779001031,4.212701065,4.50556263623e-08,5.76815242398e-13,1,0.870029006,lanczos,0,0,0,3,0.892209989689
middle_refine,2,512,4736,2403,small,split,refine_middle,CHSHC,1,1,1,17,full_bound,80,1e-07,120,0.500340560945,2.10789122268,4.21291293814,4.50049345832e-08,3.2871859407e-13,1,0.856538379,lanczos,0,0,0,3,0.892108777315
middle_refine,2,512,4736,2403,small,split,refine_hybrid,H(C+S)H,1,1,0.25,17,restarted,80,1e-07,2363,nan,nan,nan,nan,nan,0,9.030105662,lanczos,0,0,0,0,0
middle_refine,2,512,4736,2403,small,split,refine_hybrid,H(C+S)H,1,1,0.4,17,restarted,80,1e-07,2363,nan,nan,nan,nan,nan,0,9.827373464,lanczos,0,0,0,0,0
middle_refine,2,512,4736,2403,small,split,refine_hybrid,H(C+S)H,1,1,0.5,17,restarted,80,1e-07,387,0.496887634506,2.10840596965,4.24322487267,5.68249025189e-10,1.42521523231e-13,1,1.673304567,lanczos,0,0,0,0,0
middle_refine,2,512,4736,2403,small,split,refine_hybrid,H(C+S)H,1,1,0.6,17,restarted,80,1e-07,158,0.500213952036,2.10845052247,4.21509738761,3.24428625451e-08,1.19840245801e-13,1,0.660971547,lanczos,0,0,0,0,0
middle_refine,2,512,4736,2403,small,split,refine_hybrid,H(C+S)H,1,1,0.75,17,restarted,80,1e-07,158,0.50029154472,2.10852962775,4.21460176571,2.97682785457e-08,4.72208631375e-14,1,0.64578728,lanczos,0,0,0,0,0
middle_refine,2,512,4736,2403,small,split,refine_hybrid,H(C+S)H,1,1,1,17,restarted,80,1e-07,158,0.500317519334,2.10870892834,4.21474133295,3.07054853826e-08,2.25900100664e-13,1,0.703394483,lanczos,0,0,0,0,0
middle_third,3,2048,18688,3267,large,unsplit,custom,HCSCH,0.333333333333,1,1,17,full_bound,80,1e-08,200,0.498263984227,0.999998695349,2.00696563871,1.21858247074e-12,3.85477685636e-05,0,5.576714853,lanczos,0,0,0,1,1.30465136416e-06
middle_third,3,2048,18688,3267,small,unsplit,custom,HCSCH,0.333333333333,1,1,17,full_bound,80,1e-08,200,0.121438135611,0.99999893255,8.23463673514,3.19183394517e-08,7.1832105268e-05,0,5.223839156,lanczos,0,0,0,1,1.0674499713e-06
middle_third,3,2048,18688,9411,large,split,custom,HCSCH,0.333333333333,1,1,17,full_bound,80,1e-08,200,0.498263984249,0.999998797383,2.0069658434,1.04406193607e-12,2.46888802825e-05,0,5.777504922,lanczos,0,0,0,1,1.20261749603e-06
middle_third,3,2048,18688,9411,small,split,custom,HCSCH,0.333333333333,1,1,17,full_bound,80,1e-08,200,0.219850605318,0.999998838329,4.54853802601,4.34291112125e-06,6.86953396434e-05,0,6.130844611,lanczos,0,0,0,1,1.16167100972e-06
middle_third,4,8192,74240,12675,large,unsplit,custom,HCSCH,0.333333333333,1,1,17,full_bound,80,1e-08,200,0.496073138167,0.999999381916,2.01583053985,4.04265796867e-07,1.34151409793e-05,0,37.513588191,lanczos,0,0,0,1,6.18083516701e-07
middle_third,4,8192,74240,12675,small,unsplit,custom,HCSCH,0.333333333333,1,1,17,full_bound,80,1e-08,200,0.120703835521,0.999996431753,8.28471131373,0.000231841391043,0.000131540841568,0,40.296072066,lanczos,0,0,0,1,3.56824731906e-06
middle_third,4,8192,74240,37251,large,split,custom,HCSCH,0.333333333333,1,1,17,full_bound,80,1e-08,200,0.496073138168,0.999999547609,2.01583087386,4.04750953571e-07,1.18198205865e-05,0,43.492369055,lanczos,0,0,0,1,4.52390636951e-07
middle_third,4,8192,74240,37251,small,split,custom,HCSCH,0.333333333333,1,1,17,full_bound,80,1e-08,200,0.218951352605,0.999995410245,4.56720362011,3.85040128068e-05,0.000146638251322,0,44.162288374,lanczos,0,0,0,1,4.58975543671e-06
middle_third_exact,3,2048,18688,3267,large,unsplit,custom,HCSCH,0.333333333333,1,1,17,restarted,80,1e-08,161,0.498263984227,1,2.0069682571,2.65208333997e-12,0,1,3.937723365,projector_identity,0,0,0,1,0
middle_third_exact,3,2048,18688,9411,large,split,custom,HCSCH,0.333333333333,1,1,17,restarted,80,1e-08,161,0.498263984249,1,2.00696825701,2.63774246666e-12,0,1,4.001440574,projector_identity,0,0,0,1,0
middle_third_exact,4,8192,74240,12675,large,unsplit,custom,HCSCH,0.333333333333,1,1,17,restarted,80,1e-08,161,0.496073138168,1,2.0158317858,2.94516934717e-09,0,1,25.288879264,projector_identity,0,0,0,1,0
middle_third_exact,4,8192,74240,37251,large,split,custom,HCSCH,0.333333333333,1,1,17,restarted,80,1e-08,161,0.496073138169,1,2.0158317858,2.94266492617e-09,0,1,28.680344243,projector_identity,0,0,0,1,0
middle_third_exact,5,32768,295936,49923,large,unsplit,custom,HCSCH,0.333333333333,1,1,17,restarted,80,1e-08,321,0.495533621925,1,2.01802653898,6.11328099017e-10,0,1,291.904246791,projector_identity,0,0,0,1,0
middle_third_exact,5,32768,295936,148227,large,split,custom,HCSCH,0.333333333333,1,1,17,restarted,80,1e-08,321,0.495533621925,1,2.01802653898,6.11055594819e-10,0,1,311.624589539,projector_identity,0,0,0,1,0
hybrid_large_fine,3,2048,18688,3267,large,unsplit,custom,H(C+S)H,0.333333333333,1,0.5,17,restarted,80,1e-08,469,0.498261637817,1.45324027126,2.91662082922,3.95925870924e-11,5.40323793254e-12,1,9.41218506,lanczos,0,0,0,0,0
hybrid_large_fine,4,8192,74240,12675,large,unsplit,custom,H(C+S)H,0.333333333333,1,0.5,17,restarted,80,1e-08,470,0.496072785024,1.45324194106,2.92949338269,6.34802244727e-09,1.6134429696e-11,1,47.721606078,lanczos,0,0,0,0,0
hybrid_large_fine,5,32768,295936,49923,large,unsplit,custom,H(C+S)H,0.333333333333,1,0.5,17,restarted,80,1e-08,623,0.49553354498,1.4532425588,2.93268250661,6.21838073778e-09,6.13376461246e-11,1,358.543641669,lanczos,0,0,0,0,0
middle_small_fine,3,2048,18688,3267,small,unsplit,chosen_middle,HCSCH,0.4,1,1,17,restarted,120,1e-08,238,0.145335155618,1.18994113166,8.18756567602,7.11786169294e-09,6.69086942182e-13,1,6.784973107,lanczos,0,0,0,0,0
middle_small_fine,3,2048,18688,3267,small,unsplit,chosen_middle,CHSHC,0.4,1,1,17,restarted,120,1e-08,238,0.145335103925,1.18994207197,8.18757505816,7.11164996506e-09,1.6647571134e-12,1,6.890576605,lanczos,0,0,0,0,0
middle_small_fine,3,2048,18688,3267,small,unsplit,chosen_hybrid,H(C+S)H,0.4,1,0.5,17,restarted,120,1e-08,238,0.14533313598,1.19001074007,8.18815841306,7.08387608252e-09,1.70201355995e-12,1,4.203983828,lanczos,0,0,0,0,0
middle_small_fine,3,2048,18688,9411,small,split,chosen_middle,HCSCH,0.5,1,1,17,restarted,120,1e-08,355,0.306296050278,1.27193841621,4.15264387203,1.44649046303e-09,2.08636208571e-12,1,10.721721339,lanczos,0,0,0,0,0
middle_small_fine,3,2048,18688,9411,small,split,chosen_middle,CHSHC,0.5,1,1,17,restarted,120,1e-08,355,0.306295987914,1.2719510986,4.15268612319,1.44682159949e-09,6.05067992726e-13,1,10.689766313,lanczos,0,0,0,0,0
middle_small_fine,3,2048,18688,9411,small,split,chosen_hybrid,H(C+S)H,0.5,1,0.5,17,restarted,120,1e-08,355,0.30629174824,1.27200512448,4.15291999144,1.48891497568e-09,6.32061701937e-13,1,7.088474005,lanczos,0,0,0,0,0
middle_small_fine,4,8192,74240,12675,small,unsplit,chosen_middle,HCSCH,0.4,1,1,17,restarted,120,1e-08,935,0.144468399426,1.19006337026,8.23753412503,1.31631802563e-10,4.29156408454e-12,1,177.161332282,lanczos,0,0,0,0,0
middle_small_fine,4,8192,74240,12675,small,unsplit,chosen_middle,CHSHC,0.4,1,1,17,restarted,120,1e-08,935,0.144468386201,1.19006360415,8.23753649811,1.6060571432e-10,2.43842173153e-12,1,152.466872512,lanczos,0,0,0,0,0
middle_small_fine,4,8192,74240,12675,small,unsplit,chosen_hybrid,H(C+S)H,0.4,1,0.5,17,restarted,120,1e-08,935,0.144467905189,1.19008078006,8.23768281614,1.56253384157e-10,1.0170978333e-11,1,110.617110388,lanczos,0,0,0,0,0
middle_small_fine,4,8192,74240,37251,small,split,chosen_middle,HCSCH,0.5,1,1,17,restarted,120,1e-08,471,0.305053968075,1.27202701472,4.16984254539,6.8555319893e-09,5.21510275911e-12,1,67.992966138,lanczos,0,0,0,0,0
middle_small_fine,4,8192,74240,37251,small,split,chosen_middle,CHSHC,0.5,1,1,17,restarted,120,1e-08,471,0.305053951455,1.27203018678,4.16985317093,6.85440040098e-09,2.05784578722e-12,1,50.545267903,lanczos,0,0,0,0,0
middle_small_fine,4,8192,74240,37251,small,split,chosen_hybrid,H(C+S)H,0.5,1,0.5,17,restarted,120,1e-08,471,0.305052951008,1.27204369897,4.16991114089,6.86279505738e-09,4.22055283201e-12,1,29.250411427,lanczos,0,0,0,0,0
middle_large_check,4,8192,74240,12675,large,unsplit,chosen_middle,HCSCH,0.333333333333,1,1,71,restarted,120,1e-08,181,0.496073137972,1,2.0158317866,9.33456774966e-09,0,1,36.763129846,projector_identity,0,0,0,1,0
middle_large_check,4,8192,74240,12675,large,unsplit,chosen_middle,CHSHC,0.333333333333,1,1,71,restarted,120,1e-08,181,0.496073187503,1,2.01583158532,9.28927363807e-09,0,1,37.148052421,projector_identity,0,0,0,1,0
middle_large_check,4,8192,74240,12675,large,unsplit,chosen_hybrid,H(C+S)H,0.333333333333,1,0.5,71,restarted,120,1e-08,1174,0.496072784747,1.45324194106,2.92949338433,1.36039753674e-10,3.29739384714e-11,1,152.63167299,lanczos,0,0,0,0,0
middle_large_check,4,8192,74240,37251,large,split,chosen_middle,HCSCH,0.333333333333,1,1,71,restarted,120,1e-08,181,0.496073137973,1,2.01583178659,9.357838244e-09,0,1,32.023809298,projector_identity,0,0,0,1,0
middle_large_check,4,8192,74240,37251,large,split,chosen_middle,CHSHC,0.333333333333,1,1,71,restarted,120,1e-08,181,0.496073187504,1,2.01583158532,9.30673219511e-09,0,1,30.544947606,projector_identity,0,0,0,1,0
middle_large_check,4,8192,74240,37251,large,split,chosen_hybrid,H(C+S)H,0.333333333333,1,0.5,71,restarted,120,1e-08,1174,0.49607278475,1.45324184708,2.92949319487,1.01748032621e-10,2.15283895351e-11,1,160.676283156,lanczos,0,0,0,0,0
middle_split_best,3,2048,18688,9411,small,split,chosen_middle,HCSCH,0.6,1,1,17,restarted,120,1e-08,355,0.351423889398,1.43896094051,4.09465885481,1.68768447453e-09,1.21578608639e-12,1,11.668253228,lanczos,0,0,0,0,0
middle_split_best,3,2048,18688,9411,small,split,chosen_middle,CHSHC,0.6,1,1,17,restarted,120,1e-08,355,0.351423785768,1.43897617052,4.09470340027,1.69419597067e-09,6.88454336064e-13,1,10.241015286,lanczos,0,0,0,0,0
middle_split_best,3,2048,18688,9411,small,split,chosen_hybrid,H(C+S)H,0.6,1,0.5,17,restarted,120,1e-08,355,0.35141612585,1.43904512103,4.09498886129,1.73585692369e-09,7.16678810937e-13,1,8.271348925,lanczos,0,0,0,0,0
middle_split_best,4,8192,74240,37251,small,split,chosen_middle,HCSCH,0.6,1,1,17,restarted,120,1e-08,471,0.350006681191,1.43906727241,4.11154229262,8.63742018957e-09,6.91702134397e-12,1,96.168169227,lanczos,0,0,0,0,0
middle_split_best,4,8192,74240,37251,small,split,chosen_middle,CHSHC,0.6,1,1,17,restarted,120,1e-08,471,0.350006653648,1.43907108178,4.11155349986,8.63644766511e-09,2.68127052098e-12,1,71.508067696,lanczos,0,0,0,0,0
middle_split_best,4,8192,74240,37251,small,split,chosen_hybrid,H(C+S)H,0.6,1,0.5,17,restarted,120,1e-08,471,0.350004839705,1.4390883277,4.11162408186,8.62449917905e-09,4.53636235474e-12,1,34.227541944,lanczos,0,0,0,0,0
middle_small_check,3,2048,18688,3267,small,unsplit,chosen_middle,HCSCH,0.4,1,1,71,restarted,160,1e-08,474,0.145335134711,1.18994113166,8.18756685386,2.12525264724e-11,2.62374773759e-12,1,16.379521352,lanczos,0,0,0,0,0
middle_small_check,3,2048,18688,3267,small,unsplit,chosen_middle,CHSHC,0.4,1,1,71,restarted,160,1e-08,474,0.145335083017,1.18994207197,8.18757623607,1.41201061566e-11,1.1593082273e-12,1,16.381665903,lanczos,0,0,0,0,0
middle_small_check,3,2048,18688,3267,small,unsplit,chosen_hybrid,H(C+S)H,0.4,1,0.5,71,restarted,160,1e-08,474,0.145333115054,1.19001074007,8.18815959207,9.23687575762e-12,1.61428191565e-12,1,10.650646772,lanczos,0,0,0,0,0
middle_small_check,3,2048,18688,9411,small,split,chosen_middle,HCSCH,0.6,1,1,71,restarted,160,1e-08,318,0.351423889398,1.43896094051,4.09465885481,1.00718296187e-09,9.88433947272e-13,1,11.020725499,lanczos,0,0,0,0,0
middle_small_check,3,2048,18688,9411,small,split,chosen_middle,CHSHC,0.6,1,1,71,restarted,160,1e-08,318,0.351423785768,1.43897617052,4.09470340027,1.00727182729e-09,1.63012594834e-12,1,12.356532172,lanczos,0,0,0,0,0
middle_small_check,3,2048,18688,9411,small,split,chosen_hybrid,H(C+S)H,0.6,1,0.5,71,restarted,160,1e-08,318,0.35141612585,1.43904512103,4.09498886129,1.00127258812e-09,3.53498950363e-13,1,9.606090612,lanczos,0,0,0,0,0
middle_small_fine_check,4,8192,74240,12675,small,unsplit,custom,H(C+S)H,0.4,1,0.5,71,restarted,240,1e-09,950,0.144467905189,1.19008078006,8.23768281614,1.47975483035e-11,5.21844185405e-12,1,109.996491076,lanczos,0,0,0,0,0
